policy,mean,std,count,sigma,impurity,num_dim
plurality,0.5199999999999929,2.2480577299018473e-16,1000,0.0,0.0,2
default,0.9600000000000122,3.8638492232688e-16,1000,0.0,0.0,2
augment,0.9600000000000122,3.8638492232688e-16,1000,0.0,0.0,2
average,0.9600000000000122,3.8638492232688e-16,1000,0.0,0.0,2
ensemble,0.9600000000000122,3.8638492232688e-16,1000,0.0,0.0,2
plurality,0.5199999999999929,2.2480577299018473e-16,1000,0.2,0.0,2
default,0.686839999999998,0.0027271692011776477,1000,0.2,0.0,2
augment,0.6938799999999987,0.0026990795895324494,1000,0.2,0.0,2
average,0.6936399999999981,0.002713321306537901,1000,0.2,0.0,2
ensemble,0.6927199999999978,0.0026866744908566422,1000,0.2,0.0,2
plurality,0.5199999999999929,2.2480577299018473e-16,1000,0.5,0.0,2
default,0.5879600000000001,0.0031324192647936636,1000,0.5,0.0,2
augment,0.6073199999999989,0.003070740472108818,1000,0.5,0.0,2
average,0.6078399999999994,0.003082212587482323,1000,0.5,0.0,2
ensemble,0.6012399999999996,0.00304311073129502,1000,0.5,0.0,2
plurality,0.5199999999999929,2.2480577299018473e-16,1000,1.0,0.0,2
default,0.5289200000000001,0.003219875960530338,1000,1.0,0.0,2
augment,0.5387199999999996,0.0031437946887551455,1000,1.0,0.0,2
average,0.5404800000000008,0.0033482802422408753,1000,1.0,0.0,2
ensemble,0.5376399999999999,0.0031705650731191216,1000,1.0,0.0,2
plurality,0.5199999999999929,2.2480577299018473e-16,1000,1.5,0.0,2
default,0.5152800000000002,0.003227031969989663,1000,1.5,0.0,2
augment,0.5190400000000006,0.003282964553000269,1000,1.5,0.0,2
average,0.5172800000000003,0.003442041436306262,1000,1.5,0.0,2
ensemble,0.5196400000000005,0.0032173003312438,1000,1.5,0.0,2
plurality,0.5199999999999929,2.2480577299018473e-16,1000,2.0,0.0,2
default,0.5096799999999999,0.0030951377154300385,1000,2.0,0.0,2
augment,0.5151999999999999,0.0029516219392178382,1000,2.0,0.0,2
average,0.51348,0.0030855486076563697,1000,2.0,0.0,2
ensemble,0.5127200000000002,0.003005733859814612,1000,2.0,0.0,2
plurality,0.9199999999999847,4.847374480100859e-16,1000,0.0,-0.84,2
default,0.9600000000000122,3.8638492232688e-16,1000,0.0,-0.84,2
augment,0.9600000000000122,3.8638492232688e-16,1000,0.0,-0.84,2
average,0.9600000000000122,3.8638492232688e-16,1000,0.0,-0.84,2
ensemble,0.9600000000000122,3.8638492232688e-16,1000,0.0,-0.84,2
plurality,0.9199999999999847,4.847374480100859e-16,1000,0.2,-0.84,2
default,0.9212399999999854,0.0003152170074119738,1000,0.2,-0.84,2
augment,0.9229599999999875,0.0005552897862798701,1000,0.2,-0.84,2
average,0.9223999999999865,0.0004639560919475646,1000,0.2,-0.84,2
ensemble,0.9205599999999853,0.00022569301570349057,1000,0.2,-0.84,2
plurality,0.9199999999999847,4.847374480100859e-16,1000,0.5,-0.84,2
default,0.9165999999999861,0.00047986484583711035,1000,0.5,-0.84,2
augment,0.9198399999999849,0.00012645311538428267,1000,0.5,-0.84,2
average,0.9075999999999884,0.0010587544384610542,1000,0.5,-0.84,2
ensemble,0.9194399999999853,0.00022569301570349388,1000,0.5,-0.84,2
plurality,0.9199999999999847,4.847374480100859e-16,1000,1.0,-0.84,2
default,0.9128399999999866,0.0008053464987090884,1000,1.0,-0.84,2
augment,0.9197199999999849,0.00011973276884769376,1000,1.0,-0.84,2
average,0.8977999999999888,0.0015515048073297126,1000,1.0,-0.84,2
ensemble,0.9189999999999855,0.0002479142219830506,1000,1.0,-0.84,2
plurality,0.9199999999999847,4.847374480100859e-16,1000,1.5,-0.84,2
default,0.9120399999999869,0.0008195792274759668,1000,1.5,-0.84,2
augment,0.9197999999999849,8.926347499379617e-05,1000,1.5,-0.84,2
average,0.8936799999999891,0.0017776438387983094,1000,1.5,-0.84,2
ensemble,0.9189999999999848,0.0002479142219830479,1000,1.5,-0.84,2
plurality,0.9199999999999847,4.847374480100859e-16,1000,2.0,-0.84,2
default,0.9115199999999867,0.00086118013866509,1000,2.0,-0.84,2
augment,0.919759999999985,0.00012632639612669442,1000,2.0,-0.84,2
average,0.8895999999999898,0.0020517430759356037,1000,2.0,-0.84,2
ensemble,0.9185999999999851,0.00029347253044557036,1000,2.0,-0.84,2
plurality,0.8799999999999959,1.2996583750995055e-16,1000,0.0,-0.76,2
default,0.8799999999999959,1.2996583750995055e-16,1000,0.0,-0.76,2
augment,0.9199999999999847,4.847374480100859e-16,1000,0.0,-0.76,2
average,0.8799999999999959,1.2996583750995055e-16,1000,0.0,-0.76,2
ensemble,0.8799999999999959,1.2996583750995055e-16,1000,0.0,-0.76,2
plurality,0.8799999999999959,1.2996583750995055e-16,1000,0.2,-0.76,2
default,0.8878799999999948,0.0006698913004020557,1000,0.2,-0.76,2
augment,0.8947199999999936,0.0009321966480258343,1000,0.2,-0.76,2
average,0.8957199999999943,0.0009692373398817336,1000,0.2,-0.76,2
ensemble,0.8875199999999949,0.000597165141486172,1000,0.2,-0.76,2
plurality,0.8799999999999959,1.2996583750995055e-16,1000,0.5,-0.76,2
default,0.875919999999996,0.0006619605666441142,1000,0.5,-0.76,2
augment,0.8793999999999961,0.0002492029335744309,1000,0.5,-0.76,2
average,0.8621599999999965,0.0014402113069298542,1000,0.5,-0.76,2
ensemble,0.8788399999999957,0.0003352115254086078,1000,0.5,-0.76,2
plurality,0.8799999999999959,1.2996583750995055e-16,1000,1.0,-0.76,2
default,0.8709999999999962,0.001020608466377612,1000,1.0,-0.76,2
augment,0.8797999999999961,8.926347499379541e-05,1000,1.0,-0.76,2
average,0.8512399999999964,0.0017816949337181379,1000,1.0,-0.76,2
ensemble,0.8791599999999961,0.00022835618350845302,1000,1.0,-0.76,2
plurality,0.8799999999999959,1.2996583750995055e-16,1000,1.5,-0.76,2
default,0.8699599999999965,0.001069365205129632,1000,1.5,-0.76,2
augment,0.8794799999999957,0.00019122281811061593,1000,1.5,-0.76,2
average,0.8417599999999968,0.0020956369184794614,1000,1.5,-0.76,2
ensemble,0.8783199999999963,0.00034013716835020515,1000,1.5,-0.76,2
plurality,0.8799999999999959,1.2996583750995055e-16,1000,2.0,-0.76,2
default,0.8715999999999959,0.0009333333333333286,1000,2.0,-0.76,2
augment,0.8798799999999959,0.00010581491764773463,1000,2.0,-0.76,2
average,0.8393999999999969,0.002208283613242761,1000,2.0,-0.76,2
ensemble,0.878759999999996,0.0003100944349042014,1000,2.0,-0.76,2
plurality,0.8400000000000056,1.7914210035155348e-16,1000,0.0,-0.68,2
default,0.9199999999999847,4.847374480100859e-16,1000,0.0,-0.68,2
augment,0.9199999999999847,4.847374480100859e-16,1000,0.0,-0.68,2
average,0.9199999999999847,4.847374480100859e-16,1000,0.0,-0.68,2
ensemble,0.9199999999999847,4.847374480100859e-16,1000,0.0,-0.68,2
plurality,0.8400000000000056,1.7914210035155348e-16,1000,0.2,-0.68,2
default,0.8571600000000007,0.001038177351039897,1000,0.2,-0.68,2
augment,0.866959999999998,0.001286706654219999,1000,0.2,-0.68,2
average,0.8698399999999971,0.0013894981486511904,1000,0.2,-0.68,2
ensemble,0.8584400000000004,0.0010112314220735938,1000,0.2,-0.68,2
plurality,0.8400000000000056,1.7914210035155348e-16,1000,0.5,-0.68,2
default,0.8345600000000023,0.0011287517355381858,1000,0.5,-0.68,2
augment,0.8397200000000036,0.0007169627853910094,1000,0.5,-0.68,2
average,0.8144799999999979,0.0018792182047492683,1000,0.5,-0.68,2
ensemble,0.8394400000000026,0.0007420492147001049,1000,0.5,-0.68,2
plurality,0.8400000000000056,1.7914210035155348e-16,1000,1.0,-0.68,2
default,0.8275200000000025,0.0012697487396575253,1000,1.0,-0.68,2
augment,0.8392400000000048,0.00027910625270728267,1000,1.0,-0.68,2
average,0.8004799999999997,0.002099375377815264,1000,1.0,-0.68,2
ensemble,0.8375200000000048,0.00048382195452840776,1000,1.0,-0.68,2
plurality,0.8400000000000056,1.7914210035155348e-16,1000,1.5,-0.68,2
default,0.828520000000003,0.0010668400759944014,1000,1.5,-0.68,2
augment,0.8394000000000057,0.00022911240143757273,1000,1.5,-0.68,2
average,0.7955599999999997,0.002234206364255125,1000,1.5,-0.68,2
ensemble,0.8376800000000044,0.00042848710739204184,1000,1.5,-0.68,2
plurality,0.8400000000000056,1.7914210035155348e-16,1000,2.0,-0.68,2
default,0.8282800000000045,0.001170303896947804,1000,2.0,-0.68,2
augment,0.8392400000000056,0.00029582073948577364,1000,2.0,-0.68,2
average,0.7946000000000014,0.0023495447134201175,1000,2.0,-0.68,2
ensemble,0.8373600000000052,0.0004450038521500956,1000,2.0,-0.68,2
plurality,0.7999999999999887,3.5828420070310695e-16,1000,0.0,-0.6,2
default,0.8799999999999959,1.2996583750995055e-16,1000,0.0,-0.6,2
augment,0.9199999999999847,4.847374480100859e-16,1000,0.0,-0.6,2
average,0.8799999999999959,1.2996583750995055e-16,1000,0.0,-0.6,2
ensemble,0.8799999999999959,1.2996583750995055e-16,1000,0.0,-0.6,2
plurality,0.7999999999999887,3.5828420070310695e-16,1000,0.2,-0.6,2
default,0.827359999999996,0.0013990667560155289,1000,0.2,-0.6,2
augment,0.8359599999999971,0.0015201280173686637,1000,0.2,-0.6,2
average,0.8367999999999973,0.0015824867343090898,1000,0.2,-0.6,2
ensemble,0.8299199999999967,0.0013069436490154127,1000,0.2,-0.6,2
plurality,0.7999999999999887,3.5828420070310695e-16,1000,0.5,-0.6,2
default,0.7913599999999933,0.0012054889479392278,1000,0.5,-0.6,2
augment,0.7984799999999905,0.0006435088994751418,1000,0.5,-0.6,2
average,0.7629599999999968,0.0021590506941477606,1000,0.5,-0.6,2
ensemble,0.7973199999999908,0.0007513868392394027,1000,0.5,-0.6,2
plurality,0.7999999999999887,3.5828420070310695e-16,1000,1.0,-0.6,2
default,0.7842399999999919,0.001385619840483788,1000,1.0,-0.6,2
augment,0.7985599999999891,0.0003975983959782596,1000,1.0,-0.6,2
average,0.7512799999999948,0.0022851659860026827,1000,1.0,-0.6,2
ensemble,0.7963199999999898,0.0006296459751749782,1000,1.0,-0.6,2
plurality,0.7999999999999887,3.5828420070310695e-16,1000,1.5,-0.6,2
default,0.7842799999999907,0.0013360638707287454,1000,1.5,-0.6,2
augment,0.7983999999999893,0.00035435231841427005,1000,1.5,-0.6,2
average,0.7474799999999958,0.0023720194088742495,1000,1.5,-0.6,2
ensemble,0.7954399999999897,0.0006415746394754184,1000,1.5,-0.6,2
plurality,0.7999999999999887,3.5828420070310695e-16,1000,2.0,-0.6,2
default,0.7818799999999919,0.0014159344866449305,1000,2.0,-0.6,2
augment,0.7993199999999892,0.0003013775513013981,1000,2.0,-0.6,2
average,0.7469199999999957,0.002373045499973605,1000,2.0,-0.6,2
ensemble,0.7960399999999899,0.0005676624354672742,1000,2.0,-0.6,2
plurality,0.7599999999999928,2.2831836319315643e-16,1000,0.0,-0.52,2
default,0.8799999999999959,1.2996583750995055e-16,1000,0.0,-0.52,2
augment,0.8799999999999959,1.2996583750995055e-16,1000,0.0,-0.52,2
average,0.8799999999999959,1.2996583750995055e-16,1000,0.0,-0.52,2
ensemble,0.8799999999999959,1.2996583750995055e-16,1000,0.0,-0.52,2
plurality,0.7599999999999928,2.2831836319315643e-16,1000,0.2,-0.52,2
default,0.8103199999999954,0.0015874563356570322,1000,0.2,-0.52,2
augment,0.8174399999999968,0.0017932825383252565,1000,0.2,-0.52,2
average,0.8196399999999971,0.0019267544687330575,1000,0.2,-0.52,2
ensemble,0.8109599999999966,0.0015811319927122982,1000,0.2,-0.52,2
plurality,0.7599999999999928,2.2831836319315643e-16,1000,0.5,-0.52,2
default,0.7478799999999962,0.0014212408400849962,1000,0.5,-0.52,2
augment,0.7563999999999956,0.001018664654180996,1000,0.5,-0.52,2
average,0.7291599999999977,0.002091235918701584,1000,0.5,-0.52,2
ensemble,0.754839999999996,0.0011820201231669397,1000,0.5,-0.52,2
plurality,0.7599999999999928,2.2831836319315643e-16,1000,1.0,-0.52,2
default,0.7405999999999957,0.0015866182141137063,1000,1.0,-0.52,2
augment,0.7573199999999946,0.0007471116220323307,1000,1.0,-0.52,2
average,0.7061199999999984,0.00250391996981038,1000,1.0,-0.52,2
ensemble,0.7536799999999958,0.0009957153453919688,1000,1.0,-0.52,2
plurality,0.7599999999999928,2.2831836319315643e-16,1000,1.5,-0.52,2
default,0.7383199999999953,0.0016247514940499054,1000,1.5,-0.52,2
augment,0.7574399999999938,0.0005185704535695384,1000,1.5,-0.52,2
average,0.7011199999999976,0.002447189067958248,1000,1.5,-0.52,2
ensemble,0.7537199999999951,0.0007845872654951633,1000,1.5,-0.52,2
plurality,0.7599999999999928,2.2831836319315643e-16,1000,2.0,-0.52,2
default,0.7360799999999971,0.0015839009888065417,1000,2.0,-0.52,2
augment,0.7579599999999933,0.0004972782779145733,1000,2.0,-0.52,2
average,0.6985999999999977,0.0025802126845470533,1000,2.0,-0.52,2
ensemble,0.7523599999999951,0.0008265068139546717,1000,2.0,-0.52,2
plurality,0.5199999999999929,2.2480577299018473e-16,1000,0.0,0.0,5
default,1.0,0.0,1000,0.0,0.0,5
augment,1.0,0.0,1000,0.0,0.0,5
average,1.0,0.0,1000,0.0,0.0,5
ensemble,1.0,0.0,1000,0.0,0.0,5
plurality,0.5199999999999929,2.2480577299018473e-16,1000,0.2,0.0,5
default,0.732319999999998,0.0025821861445847146,1000,0.2,0.0,5
augment,0.7529199999999979,0.0024972203967030342,1000,0.2,0.0,5
average,0.7524399999999984,0.0025327576396610234,1000,0.2,0.0,5
ensemble,0.751119999999998,0.0025116237484650895,1000,0.2,0.0,5
plurality,0.5199999999999929,2.2480577299018473e-16,1000,0.5,0.0,5
default,0.5895999999999997,0.003121150682293566,1000,0.5,0.0,5
augment,0.61536,0.0029004280516645997,1000,0.5,0.0,5
average,0.6147599999999995,0.002919223229604795,1000,0.5,0.0,5
ensemble,0.6068399999999999,0.0030472446734878603,1000,0.5,0.0,5
plurality,0.5199999999999929,2.2480577299018473e-16,1000,1.0,0.0,5
default,0.5150399999999999,0.0031645240736345517,1000,1.0,0.0,5
augment,0.5331199999999999,0.003141613492353145,1000,1.0,0.0,5
average,0.534120000000001,0.0031786049029612277,1000,1.0,0.0,5
ensemble,0.5274400000000005,0.0031398256169578756,1000,1.0,0.0,5
plurality,0.5199999999999929,2.2480577299018473e-16,1000,1.5,0.0,5
default,0.5179600000000002,0.0031770949517337917,1000,1.5,0.0,5
augment,0.5242800000000003,0.003183428311712982,1000,1.5,0.0,5
average,0.5207200000000002,0.0031879844486516675,1000,1.5,0.0,5
ensemble,0.5219200000000007,0.0030957223869554507,1000,1.5,0.0,5
plurality,0.5199999999999929,2.2480577299018473e-16,1000,2.0,0.0,5
default,0.5077599999999997,0.0032285919850929207,1000,2.0,0.0,5
augment,0.51456,0.0031265606953618866,1000,2.0,0.0,5
average,0.5108800000000001,0.0032359383332963743,1000,2.0,0.0,5
ensemble,0.5091999999999998,0.003048122545281116,1000,2.0,0.0,5
plurality,0.9199999999999847,4.847374480100859e-16,1000,0.0,-0.84,5
default,0.9199999999999847,4.847374480100859e-16,1000,0.0,-0.84,5
augment,0.9600000000000122,3.8638492232688e-16,1000,0.0,-0.84,5
average,0.9199999999999847,4.847374480100859e-16,1000,0.0,-0.84,5
ensemble,0.9199999999999847,4.847374480100859e-16,1000,0.0,-0.84,5
plurality,0.9199999999999847,4.847374480100859e-16,1000,0.2,-0.84,5
default,0.9279199999999906,0.0005837931263850312,1000,0.2,-0.84,5
augment,0.934079999999995,0.0007466666666666687,1000,0.2,-0.84,5
average,0.9339999999999945,0.0006994921652808512,1000,0.2,-0.84,5
ensemble,0.9268399999999898,0.0005214271629732034,1000,0.2,-0.84,5
plurality,0.9199999999999847,4.847374480100859e-16,1000,0.5,-0.84,5
default,0.9031199999999907,0.001189824054758211,1000,0.5,-0.84,5
augment,0.916079999999987,0.0006127062991425922,1000,0.5,-0.84,5
average,0.8856399999999933,0.0016251866451677496,1000,0.5,-0.84,5
ensemble,0.9171199999999872,0.0006388377835677126,1000,0.5,-0.84,5
plurality,0.9199999999999847,4.847374480100859e-16,1000,1.0,-0.84,5
default,0.8801599999999927,0.0018736822262820079,1000,1.0,-0.84,5
augment,0.9181199999999852,0.00036851241688904237,1000,1.0,-0.84,5
average,0.8344399999999949,0.0025817342527362608,1000,1.0,-0.84,5
ensemble,0.9101199999999873,0.000816242520242515,1000,1.0,-0.84,5
plurality,0.9199999999999847,4.847374480100859e-16,1000,1.5,-0.84,5
default,0.8679599999999931,0.002208147258294686,1000,1.5,-0.84,5
augment,0.9175999999999856,0.0004128079582692302,1000,1.5,-0.84,5
average,0.808399999999996,0.0030097339580930603,1000,1.5,-0.84,5
ensemble,0.9064399999999888,0.0010109146098204065,1000,1.5,-0.84,5
plurality,0.9199999999999847,4.847374480100859e-16,1000,2.0,-0.84,5
default,0.8670799999999923,0.0022718791858360367,1000,2.0,-0.84,5
augment,0.918159999999985,0.00041567678211223676,1000,2.0,-0.84,5
average,0.8019599999999959,0.0032197088261091142,1000,2.0,-0.84,5
ensemble,0.9045999999999893,0.0010639417145558124,1000,2.0,-0.84,5
plurality,0.8799999999999959,1.2996583750995055e-16,1000,0.0,-0.76,5
default,1.0,0.0,1000,0.0,-0.76,5
augment,1.0,0.0,1000,0.0,-0.76,5
average,1.0,0.0,1000,0.0,-0.76,5
ensemble,1.0,0.0,1000,0.0,-0.76,5
plurality,0.8799999999999959,1.2996583750995055e-16,1000,0.2,-0.76,5
default,0.8859599999999952,0.0007300763051978956,1000,0.2,-0.76,5
augment,0.8902399999999946,0.0008048541421836592,1000,0.2,-0.76,5
average,0.8918799999999939,0.0008590713611822936,1000,0.2,-0.76,5
ensemble,0.8857999999999947,0.0005573783909254761,1000,0.2,-0.76,5
plurality,0.8799999999999959,1.2996583750995055e-16,1000,0.5,-0.76,5
default,0.8525199999999966,0.0015484338046062181,1000,0.5,-0.76,5
augment,0.8767599999999961,0.0006231297542973647,1000,0.5,-0.76,5
average,0.8327599999999971,0.001954124100716477,1000,0.5,-0.76,5
ensemble,0.8723999999999972,0.000829776191830375,1000,0.5,-0.76,5
plurality,0.8799999999999959,1.2996583750995055e-16,1000,1.0,-0.76,5
default,0.8298399999999971,0.002217225854641448,1000,1.0,-0.76,5
augment,0.8772799999999961,0.00047246674467609596,1000,1.0,-0.76,5
average,0.777919999999998,0.0028566823824559507,1000,1.0,-0.76,5
ensemble,0.8656399999999963,0.001051330440772875,1000,1.0,-0.76,5
plurality,0.8799999999999959,1.2996583750995055e-16,1000,1.5,-0.76,5
default,0.8285199999999971,0.0022212481949443587,1000,1.5,-0.76,5
augment,0.8773599999999968,0.000476295346667651,1000,1.5,-0.76,5
average,0.7667199999999974,0.002950584272232801,1000,1.5,-0.76,5
ensemble,0.863799999999997,0.0011183965355860198,1000,1.5,-0.76,5
plurality,0.8799999999999959,1.2996583750995055e-16,1000,2.0,-0.76,5
default,0.8201999999999973,0.002393844291195762,1000,2.0,-0.76,5
augment,0.8772399999999966,0.0004671194714423691,1000,2.0,-0.76,5
average,0.7563599999999974,0.0031350564554691825,1000,2.0,-0.76,5
ensemble,0.8597999999999966,0.001230883859295867,1000,2.0,-0.76,5
plurality,0.8400000000000056,1.7914210035155348e-16,1000,0.0,-0.68,5
default,0.9199999999999847,4.847374480100859e-16,1000,0.0,-0.68,5
augment,0.9600000000000122,3.8638492232688e-16,1000,0.0,-0.68,5
average,0.9199999999999847,4.847374480100859e-16,1000,0.0,-0.68,5
ensemble,0.9199999999999847,4.847374480100859e-16,1000,0.0,-0.68,5
plurality,0.8400000000000056,1.7914210035155348e-16,1000,0.2,-0.68,5
default,0.8454800000000007,0.001079970340303817,1000,0.2,-0.68,5
augment,0.85316,0.0012861059320555485,1000,0.2,-0.68,5
average,0.8544399999999986,0.0014598690412559695,1000,0.2,-0.68,5
ensemble,0.8498000000000018,0.0009169519075724789,1000,0.2,-0.68,5
plurality,0.8400000000000056,1.7914210035155348e-16,1000,0.5,-0.68,5
default,0.8096399999999997,0.0017730804308361697,1000,0.5,-0.68,5
augment,0.8363200000000035,0.0009347359687801275,1000,0.5,-0.68,5
average,0.791759999999999,0.002159436399981622,1000,0.5,-0.68,5
ensemble,0.8310000000000002,0.00112510704640308,1000,0.5,-0.68,5
plurality,0.8400000000000056,1.7914210035155348e-16,1000,1.0,-0.68,5
default,0.7868399999999981,0.0022662635218240594,1000,1.0,-0.68,5
augment,0.835680000000004,0.00067482812107454,1000,1.0,-0.68,5
average,0.7356399999999987,0.002827611321554962,1000,1.0,-0.68,5
ensemble,0.824120000000001,0.0012331042722114468,1000,1.0,-0.68,5
plurality,0.8400000000000056,1.7914210035155348e-16,1000,1.5,-0.68,5
default,0.7798799999999992,0.0024500588540662454,1000,1.5,-0.68,5
augment,0.8350800000000039,0.0006249673464943409,1000,1.5,-0.68,5
average,0.7205199999999986,0.0030731700203493434,1000,1.5,-0.68,5
ensemble,0.8186000000000001,0.0014051385748083452,1000,1.5,-0.68,5
plurality,0.8400000000000056,1.7914210035155348e-16,1000,2.0,-0.68,5
default,0.7786799999999988,0.002456887033197464,1000,2.0,-0.68,5
augment,0.8366800000000044,0.0005063931615198182,1000,2.0,-0.68,5
average,0.7095199999999996,0.003241215061527868,1000,2.0,-0.68,5
ensemble,0.8190400000000004,0.0013975090094276504,1000,2.0,-0.68,5
plurality,0.7999999999999887,3.5828420070310695e-16,1000,0.0,-0.6,5
default,0.9199999999999847,4.847374480100859e-16,1000,0.0,-0.6,5
augment,0.9600000000000122,3.8638492232688e-16,1000,0.0,-0.6,5
average,0.9199999999999847,4.847374480100859e-16,1000,0.0,-0.6,5
ensemble,0.9199999999999847,4.847374480100859e-16,1000,0.0,-0.6,5
plurality,0.7999999999999887,3.5828420070310695e-16,1000,0.2,-0.6,5
default,0.8226799999999952,0.001461421689093652,1000,0.2,-0.6,5
augment,0.835839999999997,0.0016033918002987496,1000,0.2,-0.6,5
average,0.8382799999999974,0.0016984482112582537,1000,0.2,-0.6,5
ensemble,0.831079999999996,0.0013555335005344135,1000,0.2,-0.6,5
plurality,0.7999999999999887,3.5828420070310695e-16,1000,0.5,-0.6,5
default,0.7687199999999956,0.001973792658172948,1000,0.5,-0.6,5
augment,0.7932399999999936,0.0012670863853375975,1000,0.5,-0.6,5
average,0.7472399999999974,0.002478411774690585,1000,0.5,-0.6,5
ensemble,0.7876799999999945,0.0015012232583034618,1000,0.5,-0.6,5
plurality,0.7999999999999887,3.5828420070310695e-16,1000,1.0,-0.6,5
default,0.7421199999999968,0.0022315208458101488,1000,1.0,-0.6,5
augment,0.7928799999999921,0.0009838056075635502,1000,1.0,-0.6,5
average,0.6961599999999982,0.0028323270426411635,1000,1.0,-0.6,5
ensemble,0.7753599999999949,0.0015523144269380688,1000,1.0,-0.6,5
plurality,0.7999999999999887,3.5828420070310695e-16,1000,1.5,-0.6,5
default,0.7394399999999987,0.0024662864734188794,1000,1.5,-0.6,5
augment,0.7923199999999916,0.0009012379429594778,1000,1.5,-0.6,5
average,0.6783599999999991,0.0031095626348057086,1000,1.5,-0.6,5
ensemble,0.7761199999999943,0.001504130316165468,1000,1.5,-0.6,5
plurality,0.7999999999999887,3.5828420070310695e-16,1000,2.0,-0.6,5
default,0.7310799999999978,0.0025184869220181315,1000,2.0,-0.6,5
augment,0.79443999999999,0.0007200033366622737,1000,2.0,-0.6,5
average,0.6719999999999984,0.003056753791809833,1000,2.0,-0.6,5
ensemble,0.7761999999999941,0.001494722112699951,1000,2.0,-0.6,5
plurality,0.7599999999999928,2.2831836319315643e-16,1000,0.0,-0.52,5
default,0.8799999999999959,1.2996583750995055e-16,1000,0.0,-0.52,5
augment,1.0,0.0,1000,0.0,-0.52,5
average,0.8799999999999959,1.2996583750995055e-16,1000,0.0,-0.52,5
ensemble,0.8799999999999959,1.2996583750995055e-16,1000,0.0,-0.52,5
plurality,0.7599999999999928,2.2831836319315643e-16,1000,0.2,-0.52,5
default,0.7960399999999966,0.0019222938416417062,1000,0.2,-0.52,5
augment,0.807799999999997,0.001948680927539805,1000,0.2,-0.52,5
average,0.8098399999999966,0.002070038516419319,1000,0.2,-0.52,5
ensemble,0.8033999999999973,0.0018171797220259,1000,0.2,-0.52,5
plurality,0.7599999999999928,2.2831836319315643e-16,1000,0.5,-0.52,5
default,0.7184799999999988,0.0022732481732660142,1000,0.5,-0.52,5
augment,0.7517199999999966,0.0013453816007555797,1000,0.5,-0.52,5
average,0.7004799999999987,0.0025780643933028522,1000,0.5,-0.52,5
ensemble,0.744999999999999,0.0015767962094976806,1000,0.5,-0.52,5
plurality,0.7599999999999928,2.2831836319315643e-16,1000,1.0,-0.52,5
default,0.6927599999999985,0.0025295812264446394,1000,1.0,-0.52,5
augment,0.7473199999999963,0.001268395216967649,1000,1.0,-0.52,5
average,0.6515999999999983,0.00295116067833478,1000,1.0,-0.52,5
ensemble,0.7297199999999983,0.0017007098559172287,1000,1.0,-0.52,5
plurality,0.7599999999999928,2.2831836319315643e-16,1000,1.5,-0.52,5
default,0.6877999999999987,0.0026651572304580958,1000,1.5,-0.52,5
augment,0.7491599999999958,0.0010615183565163716,1000,1.5,-0.52,5
average,0.6448399999999995,0.0029415007779748877,1000,1.5,-0.52,5
ensemble,0.7290399999999994,0.0018053081558386422,1000,1.5,-0.52,5
plurality,0.7599999999999928,2.2831836319315643e-16,1000,2.0,-0.52,5
default,0.6873599999999976,0.002569442046910663,1000,2.0,-0.52,5
augment,0.7470799999999961,0.0011492581930943164,1000,2.0,-0.52,5
average,0.6330399999999999,0.003078609464715565,1000,2.0,-0.52,5
ensemble,0.7231199999999995,0.0017635690447997065,1000,2.0,-0.52,5
plurality,0.5199999999999929,2.2480577299018473e-16,1000,0.0,0.0,7
default,0.9199999999999847,4.847374480100859e-16,1000,0.0,0.0,7
augment,0.9199999999999847,4.847374480100859e-16,1000,0.0,0.0,7
average,0.9199999999999847,4.847374480100859e-16,1000,0.0,0.0,7
ensemble,0.9199999999999847,4.847374480100859e-16,1000,0.0,0.0,7
plurality,0.5199999999999929,2.2480577299018473e-16,1000,0.2,0.0,7
default,0.6933599999999982,0.0027658561713076084,1000,0.2,0.0,7
augment,0.7226799999999977,0.002700835447063013,1000,0.2,0.0,7
average,0.7261999999999977,0.002738660303918728,1000,0.2,0.0,7
ensemble,0.7163199999999978,0.0027382394993052594,1000,0.2,0.0,7
plurality,0.5199999999999929,2.2480577299018473e-16,1000,0.5,0.0,7
default,0.58624,0.0031607360934840303,1000,0.5,0.0,7
augment,0.6239199999999996,0.0029696889824782358,1000,0.5,0.0,7
average,0.6255199999999999,0.0029411187972912187,1000,0.5,0.0,7
ensemble,0.615559999999999,0.003057193620435715,1000,0.5,0.0,7
plurality,0.5199999999999929,2.2480577299018473e-16,1000,1.0,0.0,7
default,0.5182000000000003,0.003197840863174122,1000,1.0,0.0,7
augment,0.5356400000000001,0.003195121155637015,1000,1.0,0.0,7
average,0.53248,0.003085607001964209,1000,1.0,0.0,7
ensemble,0.5331200000000006,0.0030912491684465374,1000,1.0,0.0,7
plurality,0.5199999999999929,2.2480577299018473e-16,1000,1.5,0.0,7
default,0.51404,0.0030152894339300867,1000,1.5,0.0,7
augment,0.5238799999999998,0.003157168559534532,1000,1.5,0.0,7
average,0.52216,0.0032480585407723573,1000,1.5,0.0,7
ensemble,0.5175600000000004,0.0029520774314304695,1000,1.5,0.0,7
plurality,0.5199999999999929,2.2480577299018473e-16,1000,2.0,0.0,7
default,0.50528,0.003104732027238575,1000,2.0,0.0,7
augment,0.5148000000000006,0.003223313473702137,1000,2.0,0.0,7
average,0.5134000000000002,0.0030525002469709607,1000,2.0,0.0,7
ensemble,0.5100000000000002,0.003125534989240873,1000,2.0,0.0,7
plurality,0.9199999999999847,4.847374480100859e-16,1000,0.0,-0.84,7
default,0.9199999999999847,4.847374480100859e-16,1000,0.0,-0.84,7
augment,0.9600000000000122,3.8638492232688e-16,1000,0.0,-0.84,7
average,0.9199999999999847,4.847374480100859e-16,1000,0.0,-0.84,7
ensemble,0.9199999999999847,4.847374480100859e-16,1000,0.0,-0.84,7
plurality,0.9199999999999847,4.847374480100859e-16,1000,0.2,-0.84,7
default,0.92587999999999,0.0006008215929763024,1000,0.2,-0.84,7
augment,0.9341599999999962,0.0009026123803211978,1000,0.2,-0.84,7
average,0.9333599999999953,0.0007867206170740252,1000,0.2,-0.84,7
ensemble,0.9253999999999889,0.0005010899032021025,1000,0.2,-0.84,7
plurality,0.9199999999999847,4.847374480100859e-16,1000,0.5,-0.84,7
default,0.8914799999999925,0.0015168752455328996,1000,0.5,-0.84,7
augment,0.9133599999999888,0.000808804404392407,1000,0.5,-0.84,7
average,0.8709599999999951,0.0018220862763322753,1000,0.5,-0.84,7
ensemble,0.912039999999989,0.0008037938071946648,1000,0.5,-0.84,7
plurality,0.9199999999999847,4.847374480100859e-16,1000,1.0,-0.84,7
default,0.851159999999994,0.002327073198176121,1000,1.0,-0.84,7
augment,0.9130799999999869,0.0007303745936483913,1000,1.0,-0.84,7
average,0.7996399999999968,0.002618458845719506,1000,1.0,-0.84,7
ensemble,0.8949199999999915,0.0012768021866459316,1000,1.0,-0.84,7
plurality,0.9199999999999847,4.847374480100859e-16,1000,1.5,-0.84,7
default,0.831959999999996,0.0026208065603983456,1000,1.5,-0.84,7
augment,0.912919999999987,0.0007132898305614522,1000,1.5,-0.84,7
average,0.7633999999999967,0.0030419884440434173,1000,1.5,-0.84,7
ensemble,0.8881599999999922,0.0013830861604857976,1000,1.5,-0.84,7
plurality,0.9199999999999847,4.847374480100859e-16,1000,2.0,-0.84,7
default,0.8163599999999951,0.0028629612199516383,1000,2.0,-0.84,7
augment,0.9145199999999861,0.0006431043330465031,1000,2.0,-0.84,7
average,0.7448399999999973,0.0032902583789423193,1000,2.0,-0.84,7
ensemble,0.8813999999999931,0.001621563896203134,1000,2.0,-0.84,7
plurality,0.8799999999999959,1.2996583750995055e-16,1000,0.0,-0.76,7
default,0.9199999999999847,4.847374480100859e-16,1000,0.0,-0.76,7
augment,1.0,0.0,1000,0.0,-0.76,7
average,0.9199999999999847,4.847374480100859e-16,1000,0.0,-0.76,7
ensemble,0.9199999999999847,4.847374480100859e-16,1000,0.0,-0.76,7
plurality,0.8799999999999959,1.2996583750995055e-16,1000,0.2,-0.76,7
default,0.885919999999995,0.0009622263140651948,1000,0.2,-0.76,7
augment,0.8917599999999952,0.001209613808438694,1000,0.2,-0.76,7
average,0.8931199999999948,0.0011847654912552415,1000,0.2,-0.76,7
ensemble,0.887319999999995,0.0007816832022172613,1000,0.2,-0.76,7
plurality,0.8799999999999959,1.2996583750995055e-16,1000,0.5,-0.76,7
default,0.8396399999999974,0.0018194451848793933,1000,0.5,-0.76,7
augment,0.8722799999999954,0.001029495731638287,1000,0.5,-0.76,7
average,0.8153199999999977,0.0021403454577891487,1000,0.5,-0.76,7
ensemble,0.8649599999999963,0.0012659387824855432,1000,0.5,-0.76,7
plurality,0.8799999999999959,1.2996583750995055e-16,1000,1.0,-0.76,7
default,0.7925999999999964,0.002593832679254386,1000,1.0,-0.76,7
augment,0.8711999999999964,0.0008727667052092024,1000,1.0,-0.76,7
average,0.7489999999999984,0.002905071331213654,1000,1.0,-0.76,7
ensemble,0.845919999999998,0.0015500181147832302,1000,1.0,-0.76,7
plurality,0.8799999999999959,1.2996583750995055e-16,1000,1.5,-0.76,7
default,0.781679999999998,0.00285918739374539,1000,1.5,-0.76,7
augment,0.8729199999999966,0.0007859333885841036,1000,1.5,-0.76,7
average,0.7199999999999979,0.00310716180049485,1000,1.5,-0.76,7
ensemble,0.8383199999999976,0.0018165013837807152,1000,1.5,-0.76,7
plurality,0.8799999999999959,1.2996583750995055e-16,1000,2.0,-0.76,7
default,0.7724799999999974,0.0030125944508554926,1000,2.0,-0.76,7
augment,0.8739999999999963,0.0007503085784948462,1000,2.0,-0.76,7
average,0.7048399999999996,0.0032790435383700752,1000,2.0,-0.76,7
ensemble,0.8345599999999973,0.001817941503819987,1000,2.0,-0.76,7
plurality,0.8400000000000056,1.7914210035155348e-16,1000,0.0,-0.68,7
default,0.9600000000000122,3.8638492232688e-16,1000,0.0,-0.68,7
augment,1.0,0.0,1000,0.0,-0.68,7
average,0.9600000000000122,3.8638492232688e-16,1000,0.0,-0.68,7
ensemble,0.9600000000000122,3.8638492232688e-16,1000,0.0,-0.68,7
plurality,0.8400000000000056,1.7914210035155348e-16,1000,0.2,-0.68,7
default,0.8843599999999965,0.0015181881620192183,1000,0.2,-0.68,7
augment,0.9013599999999957,0.00152330918426657,1000,0.2,-0.68,7
average,0.904159999999997,0.0015464429785433077,1000,0.2,-0.68,7
ensemble,0.8930399999999963,0.0014427889797333593,1000,0.2,-0.68,7
plurality,0.8400000000000056,1.7914210035155348e-16,1000,0.5,-0.68,7
default,0.789639999999998,0.00205779126854618,1000,0.5,-0.68,7
augment,0.8305600000000011,0.0011873905407642034,1000,0.5,-0.68,7
average,0.7646799999999973,0.002475848829679914,1000,0.5,-0.68,7
ensemble,0.8209199999999991,0.0014415379397128753,1000,0.5,-0.68,7
plurality,0.8400000000000056,1.7914210035155348e-16,1000,1.0,-0.68,7
default,0.7517999999999979,0.002706304506903108,1000,1.0,-0.68,7
augment,0.8289600000000013,0.0009866569271493929,1000,1.0,-0.68,7
average,0.7077999999999988,0.00290689009252327,1000,1.0,-0.68,7
ensemble,0.8019599999999973,0.0017611530484486716,1000,1.0,-0.68,7
plurality,0.8400000000000056,1.7914210035155348e-16,1000,1.5,-0.68,7
default,0.7407199999999983,0.002943492100506766,1000,1.5,-0.68,7
augment,0.8318800000000033,0.00088749831169036,1000,1.5,-0.68,7
average,0.6868799999999986,0.003104690758305033,1000,1.5,-0.68,7
ensemble,0.7960799999999985,0.0019286143090709224,1000,1.5,-0.68,7
plurality,0.8400000000000056,1.7914210035155348e-16,1000,2.0,-0.68,7
default,0.7356799999999989,0.0029414945163963803,1000,2.0,-0.68,7
augment,0.8302000000000024,0.0009239121244001613,1000,2.0,-0.68,7
average,0.6699999999999987,0.0033347744632464533,1000,2.0,-0.68,7
ensemble,0.7904799999999987,0.0019643900906969733,1000,2.0,-0.68,7
plurality,0.7999999999999887,3.5828420070310695e-16,1000,0.0,-0.6,7
default,0.9600000000000122,3.8638492232688e-16,1000,0.0,-0.6,7
augment,0.9600000000000122,3.8638492232688e-16,1000,0.0,-0.6,7
average,0.9600000000000122,3.8638492232688e-16,1000,0.0,-0.6,7
ensemble,0.9600000000000122,3.8638492232688e-16,1000,0.0,-0.6,7
plurality,0.7999999999999887,3.5828420070310695e-16,1000,0.2,-0.6,7
default,0.8088799999999957,0.0015284900660069306,1000,0.2,-0.6,7
augment,0.8194399999999955,0.0016205902359056445,1000,0.2,-0.6,7
average,0.8199199999999968,0.0017960008962189377,1000,0.2,-0.6,7
ensemble,0.8177599999999959,0.0013752358611066242,1000,0.2,-0.6,7
plurality,0.7999999999999887,3.5828420070310695e-16,1000,0.5,-0.6,7
default,0.7383199999999978,0.0023798405915609567,1000,0.5,-0.6,7
augment,0.7867999999999951,0.00124326413352341,1000,0.5,-0.6,7
average,0.7191199999999992,0.0026460209800806614,1000,0.5,-0.6,7
ensemble,0.774119999999997,0.001661862625907252,1000,0.5,-0.6,7
plurality,0.7999999999999887,3.5828420070310695e-16,1000,1.0,-0.6,7
default,0.7121599999999983,0.0028500275537364592,1000,1.0,-0.6,7
augment,0.7847199999999941,0.0013333789781976879,1000,1.0,-0.6,7
average,0.6746399999999979,0.0029019461903508383,1000,1.0,-0.6,7
ensemble,0.7567599999999961,0.0020059726634045543,1000,1.0,-0.6,7
plurality,0.7999999999999887,3.5828420070310695e-16,1000,1.5,-0.6,7
default,0.7000799999999988,0.002769198812303304,1000,1.5,-0.6,7
augment,0.7845599999999923,0.00111411294205195,1000,1.5,-0.6,7
average,0.6454399999999993,0.0029635095391762675,1000,1.5,-0.6,7
ensemble,0.7484799999999964,0.0020117994276112514,1000,1.5,-0.6,7
plurality,0.7999999999999887,3.5828420070310695e-16,1000,2.0,-0.6,7
default,0.6951199999999984,0.002913258085489967,1000,2.0,-0.6,7
augment,0.7839999999999933,0.001180420854353824,1000,2.0,-0.6,7
average,0.6324399999999991,0.003226337808670333,1000,2.0,-0.6,7
ensemble,0.7454799999999971,0.002095318581972662,1000,2.0,-0.6,7
plurality,0.7599999999999928,2.2831836319315643e-16,1000,0.0,-0.52,7
default,0.9600000000000122,3.8638492232688e-16,1000,0.0,-0.52,7
augment,1.0,0.0,1000,0.0,-0.52,7
average,0.9600000000000122,3.8638492232688e-16,1000,0.0,-0.52,7
ensemble,0.9600000000000122,3.8638492232688e-16,1000,0.0,-0.52,7
plurality,0.7599999999999928,2.2831836319315643e-16,1000,0.2,-0.52,7
default,0.8164399999999964,0.0018966612042543973,1000,0.2,-0.52,7
augment,0.838319999999997,0.0018660814183362499,1000,0.2,-0.52,7
average,0.8380399999999963,0.001955910014285923,1000,0.2,-0.52,7
ensemble,0.8305599999999964,0.001834080219142622,1000,0.2,-0.52,7
plurality,0.7599999999999928,2.2831836319315643e-16,1000,0.5,-0.52,7
default,0.6981199999999989,0.0024721199357994167,1000,0.5,-0.52,7
augment,0.7445599999999977,0.0018413573789454972,1000,0.5,-0.52,7
average,0.6868000000000004,0.0027799078919791224,1000,0.5,-0.52,7
ensemble,0.7306399999999991,0.0020753547883428252,1000,0.5,-0.52,7
plurality,0.7599999999999928,2.2831836319315643e-16,1000,1.0,-0.52,7
default,0.6742399999999991,0.0027753423077027713,1000,1.0,-0.52,7
augment,0.7407599999999988,0.0015549405905822395,1000,1.0,-0.52,7
average,0.641079999999999,0.0030342116010654216,1000,1.0,-0.52,7
ensemble,0.7155999999999997,0.0020810022995111205,1000,1.0,-0.52,7
plurality,0.7599999999999928,2.2831836319315643e-16,1000,1.5,-0.52,7
default,0.6635599999999996,0.0027882433001265726,1000,1.5,-0.52,7
augment,0.7397199999999972,0.0014704025583776982,1000,1.5,-0.52,7
average,0.6245999999999997,0.0030866758118674484,1000,1.5,-0.52,7
ensemble,0.7044799999999991,0.0021771241281721733,1000,1.5,-0.52,7
plurality,0.7599999999999928,2.2831836319315643e-16,1000,2.0,-0.52,7
default,0.6521999999999996,0.0030070920509027645,1000,2.0,-0.52,7
augment,0.7393199999999976,0.0014593379551246098,1000,2.0,-0.52,7
average,0.6070799999999997,0.003093645785193286,1000,2.0,-0.52,7
ensemble,0.7012399999999993,0.002388842600291804,1000,2.0,-0.52,7
plurality,0.5199999999999929,2.2480577299018473e-16,1000,0.0,0.0,10
default,1.0,0.0,1000,0.0,0.0,10
augment,1.0,0.0,1000,0.0,0.0,10
average,1.0,0.0,1000,0.0,0.0,10
ensemble,1.0,0.0,1000,0.0,0.0,10
plurality,0.5199999999999929,2.2480577299018473e-16,1000,0.2,0.0,10
default,0.7399199999999991,0.0026672659987162727,1000,0.2,0.0,10
augment,0.7783199999999982,0.002467725119876045,1000,0.2,0.0,10
average,0.7803599999999984,0.002517102740494759,1000,0.2,0.0,10
ensemble,0.7706399999999972,0.0025028493072206124,1000,0.2,0.0,10
plurality,0.5199999999999929,2.2480577299018473e-16,1000,0.5,0.0,10
default,0.5502800000000008,0.0031102403757901436,1000,0.5,0.0,10
augment,0.5827199999999999,0.0031142093538970533,1000,0.5,0.0,10
average,0.5803199999999997,0.003079704885566504,1000,0.5,0.0,10
ensemble,0.5703999999999998,0.0030204905832270606,1000,0.5,0.0,10
plurality,0.5199999999999929,2.2480577299018473e-16,1000,1.0,0.0,10
default,0.5204000000000008,0.003163834674860531,1000,1.0,0.0,10
augment,0.5436000000000005,0.003338710377823594,1000,1.0,0.0,10
average,0.5406399999999998,0.0031627825713434077,1000,1.0,0.0,10
ensemble,0.5272800000000007,0.0031493682096763627,1000,1.0,0.0,10
plurality,0.5199999999999929,2.2480577299018473e-16,1000,1.5,0.0,10
default,0.5051600000000005,0.0032293347616812644,1000,1.5,0.0,10
augment,0.5153200000000008,0.003077461351238784,1000,1.5,0.0,10
average,0.5097200000000005,0.0030908696308765745,1000,1.5,0.0,10
ensemble,0.5030799999999997,0.0032061180253996828,1000,1.5,0.0,10
plurality,0.5199999999999929,2.2480577299018473e-16,1000,2.0,0.0,10
default,0.5014000000000003,0.0031802128472405403,1000,2.0,0.0,10
augment,0.5130000000000002,0.0030969325131476534,1000,2.0,0.0,10
average,0.5067599999999998,0.003163717988619012,1000,2.0,0.0,10
ensemble,0.5043200000000005,0.0031806058941424775,1000,2.0,0.0,10
plurality,0.9199999999999847,4.847374480100859e-16,1000,0.0,-0.84,10
default,0.9600000000000122,3.8638492232688e-16,1000,0.0,-0.84,10
augment,1.0,0.0,1000,0.0,-0.84,10
average,0.9600000000000122,3.8638492232688e-16,1000,0.0,-0.84,10
ensemble,0.9600000000000122,3.8638492232688e-16,1000,0.0,-0.84,10
plurality,0.9199999999999847,4.847374480100859e-16,1000,0.2,-0.84,10
default,0.9207199999999898,0.0006523090579680057,1000,0.2,-0.84,10
augment,0.925999999999992,0.0009174102907868668,1000,0.2,-0.84,10
average,0.9263999999999918,0.0007555202252824206,1000,0.2,-0.84,10
ensemble,0.9220399999999872,0.0003929284830510372,1000,0.2,-0.84,10
plurality,0.9199999999999847,4.847374480100859e-16,1000,0.5,-0.84,10
default,0.8715999999999957,0.0017562814479816543,1000,0.5,-0.84,10
augment,0.9049599999999903,0.001106626867116026,1000,0.5,-0.84,10
average,0.857999999999996,0.0019847264645635973,1000,0.5,-0.84,10
ensemble,0.9061599999999908,0.0009837795597704884,1000,0.5,-0.84,10
plurality,0.9199999999999847,4.847374480100859e-16,1000,1.0,-0.84,10
default,0.8099199999999962,0.002691921254427785,1000,1.0,-0.84,10
augment,0.8995199999999904,0.0012654528718885525,1000,1.0,-0.84,10
average,0.7631599999999978,0.0028447331872966447,1000,1.0,-0.84,10
ensemble,0.8749999999999933,0.0016507346621807278,1000,1.0,-0.84,10
plurality,0.9199999999999847,4.847374480100859e-16,1000,1.5,-0.84,10
default,0.7843599999999967,0.00289422994369261,1000,1.5,-0.84,10
augment,0.903039999999989,0.0011178586708560313,1000,1.5,-0.84,10
average,0.7248799999999981,0.0030470756915886225,1000,1.5,-0.84,10
ensemble,0.8548399999999945,0.002019071829096496,1000,1.5,-0.84,10
plurality,0.9199999999999847,4.847374480100859e-16,1000,2.0,-0.84,10
default,0.7623599999999989,0.0031763689520771677,1000,2.0,-0.84,10
augment,0.8991599999999901,0.0012383973627346158,1000,2.0,-0.84,10
average,0.7001599999999975,0.0030551773284882224,1000,2.0,-0.84,10
ensemble,0.8392399999999964,0.0022356252862276394,1000,2.0,-0.84,10
plurality,0.8799999999999959,1.2996583750995055e-16,1000,0.0,-0.76,10
default,0.9199999999999847,4.847374480100859e-16,1000,0.0,-0.76,10
augment,1.0,0.0,1000,0.0,-0.76,10
average,0.9199999999999847,4.847374480100859e-16,1000,0.0,-0.76,10
ensemble,0.9199999999999847,4.847374480100859e-16,1000,0.0,-0.76,10
plurality,0.8799999999999959,1.2996583750995055e-16,1000,0.2,-0.76,10
default,0.880199999999996,0.0011564157112808886,1000,0.2,-0.76,10
augment,0.8915199999999949,0.0012750354172788015,1000,0.2,-0.76,10
average,0.891959999999994,0.0012109602903583748,1000,0.2,-0.76,10
ensemble,0.8855199999999952,0.000844181403634454,1000,0.2,-0.76,10
plurality,0.8799999999999959,1.2996583750995055e-16,1000,0.5,-0.76,10
default,0.8170399999999969,0.002098104010872769,1000,0.5,-0.76,10
augment,0.8640399999999963,0.0013451720662755082,1000,0.5,-0.76,10
average,0.8028799999999976,0.002353645097555114,1000,0.5,-0.76,10
ensemble,0.8587599999999965,0.0014256559524986592,1000,0.5,-0.76,10
plurality,0.8799999999999959,1.2996583750995055e-16,1000,1.0,-0.76,10
default,0.7511199999999986,0.002858761640661573,1000,1.0,-0.76,10
augment,0.8589999999999977,0.0012976455154948478,1000,1.0,-0.76,10
average,0.708199999999998,0.0029819544014038947,1000,1.0,-0.76,10
ensemble,0.8181599999999982,0.002063218667827351,1000,1.0,-0.76,10
plurality,0.8799999999999959,1.2996583750995055e-16,1000,1.5,-0.76,10
default,0.7273199999999986,0.0031204093568880623,1000,1.5,-0.76,10
augment,0.8607599999999964,0.001184240188823551,1000,1.5,-0.76,10
average,0.6751999999999987,0.003144463014196177,1000,1.5,-0.76,10
ensemble,0.7968399999999974,0.002278245993040441,1000,1.5,-0.76,10
plurality,0.8799999999999959,1.2996583750995055e-16,1000,2.0,-0.76,10
default,0.7139999999999971,0.0031733373709818585,1000,2.0,-0.76,10
augment,0.8622799999999963,0.0011617879975930902,1000,2.0,-0.76,10
average,0.6538799999999994,0.003021601508418298,1000,2.0,-0.76,10
ensemble,0.7845599999999973,0.0024418782052283376,1000,2.0,-0.76,10
plurality,0.8400000000000056,1.7914210035155348e-16,1000,0.0,-0.68,10
default,0.9600000000000122,3.8638492232688e-16,1000,0.0,-0.68,10
augment,1.0,0.0,1000,0.0,-0.68,10
average,0.9600000000000122,3.8638492232688e-16,1000,0.0,-0.68,10
ensemble,0.9600000000000122,3.8638492232688e-16,1000,0.0,-0.68,10
plurality,0.8400000000000056,1.7914210035155348e-16,1000,0.2,-0.68,10
default,0.8791199999999971,0.0014281685003056308,1000,0.2,-0.68,10
augment,0.8901199999999949,0.0014289953210656835,1000,0.2,-0.68,10
average,0.8923599999999963,0.0014304112962628842,1000,0.2,-0.68,10
ensemble,0.8884399999999949,0.0011955734171500319,1000,0.2,-0.68,10
plurality,0.8400000000000056,1.7914210035155348e-16,1000,0.5,-0.68,10
default,0.7662399999999988,0.002440126352592554,1000,0.5,-0.68,10
augment,0.8214399999999985,0.0016239962326815211,1000,0.5,-0.68,10
average,0.7542799999999972,0.002507103341940094,1000,0.5,-0.68,10
ensemble,0.806439999999997,0.0018044895628910103,1000,0.5,-0.68,10
plurality,0.8400000000000056,1.7914210035155348e-16,1000,1.0,-0.68,10
default,0.7126399999999989,0.0029261566589628804,1000,1.0,-0.68,10
augment,0.8141599999999998,0.001495637433113831,1000,1.0,-0.68,10
average,0.6655999999999992,0.0029218448242809086,1000,1.0,-0.68,10
ensemble,0.7728799999999991,0.002215358529316057,1000,1.0,-0.68,10
plurality,0.8400000000000056,1.7914210035155348e-16,1000,1.5,-0.68,10
default,0.6908799999999983,0.003139471592781483,1000,1.5,-0.68,10
augment,0.8139599999999992,0.0014775999802726363,1000,1.5,-0.68,10
average,0.6430799999999995,0.0031007302572342655,1000,1.5,-0.68,10
ensemble,0.7497199999999968,0.002532653931340776,1000,1.5,-0.68,10
plurality,0.8400000000000056,1.7914210035155348e-16,1000,2.0,-0.68,10
default,0.6725199999999993,0.0032394047822622285,1000,2.0,-0.68,10
augment,0.8175599999999998,0.0013466476376022944,1000,2.0,-0.68,10
average,0.6230399999999997,0.0031113403604939812,1000,2.0,-0.68,10
ensemble,0.7370799999999978,0.0025913295021259917,1000,2.0,-0.68,10
plurality,0.7999999999999887,3.5828420070310695e-16,1000,0.0,-0.6,10
default,0.9600000000000122,3.8638492232688e-16,1000,0.0,-0.6,10
augment,1.0,0.0,1000,0.0,-0.6,10
average,0.9600000000000122,3.8638492232688e-16,1000,0.0,-0.6,10
ensemble,0.9600000000000122,3.8638492232688e-16,1000,0.0,-0.6,10
plurality,0.7999999999999887,3.5828420070310695e-16,1000,0.2,-0.6,10
default,0.8205999999999963,0.0017976850869025015,1000,0.2,-0.6,10
augment,0.8375599999999962,0.0018776506522705306,1000,0.2,-0.6,10
average,0.8389999999999961,0.0019060516868734355,1000,0.2,-0.6,10
ensemble,0.8361999999999972,0.001651995487006275,1000,0.2,-0.6,10
plurality,0.7999999999999887,3.5828420070310695e-16,1000,0.5,-0.6,10
default,0.7229599999999984,0.0025931376289666493,1000,0.5,-0.6,10
augment,0.7788799999999975,0.0018186954811768882,1000,0.5,-0.6,10
average,0.7189999999999991,0.002799792642114579,1000,0.5,-0.6,10
ensemble,0.7664799999999977,0.0020168483525732205,1000,0.5,-0.6,10
plurality,0.7999999999999887,3.5828420070310695e-16,1000,1.0,-0.6,10
default,0.6692799999999997,0.0029857656298504717,1000,1.0,-0.6,10
augment,0.7705599999999956,0.0016039510775142224,1000,1.0,-0.6,10
average,0.6352399999999998,0.0028955356199719773,1000,1.0,-0.6,10
ensemble,0.721879999999999,0.0023138321934443365,1000,1.0,-0.6,10
plurality,0.7999999999999887,3.5828420070310695e-16,1000,1.5,-0.6,10
default,0.6565999999999991,0.0032286939254851117,1000,1.5,-0.6,10
augment,0.7701599999999962,0.001543488502307917,1000,1.5,-0.6,10
average,0.6189999999999999,0.0031408382423908565,1000,1.5,-0.6,10
ensemble,0.7073999999999977,0.002559333934872533,1000,1.5,-0.6,10
plurality,0.7999999999999887,3.5828420070310695e-16,1000,2.0,-0.6,10
default,0.6450399999999993,0.0030594049026499166,1000,2.0,-0.6,10
augment,0.7687999999999953,0.0016055958202293426,1000,2.0,-0.6,10
average,0.6035599999999999,0.003100732323329591,1000,2.0,-0.6,10
ensemble,0.6952799999999999,0.002563804730219277,1000,2.0,-0.6,10
plurality,0.7599999999999928,2.2831836319315643e-16,1000,0.0,-0.52,10
default,0.8799999999999959,1.2996583750995055e-16,1000,0.0,-0.52,10
augment,1.0,0.0,1000,0.0,-0.52,10
average,0.8799999999999959,1.2996583750995055e-16,1000,0.0,-0.52,10
ensemble,0.8799999999999959,1.2996583750995055e-16,1000,0.0,-0.52,10
plurality,0.7599999999999928,2.2831836319315643e-16,1000,0.2,-0.52,10
default,0.8239999999999973,0.0020632636906263483,1000,0.2,-0.52,10
augment,0.849999999999995,0.0019668931513096045,1000,0.2,-0.52,10
average,0.8525599999999963,0.002016708584182037,1000,0.2,-0.52,10
ensemble,0.8441599999999968,0.0018664881939562867,1000,0.2,-0.52,10
plurality,0.7599999999999928,2.2831836319315643e-16,1000,0.5,-0.52,10
default,0.6814799999999989,0.002755758299235224,1000,0.5,-0.52,10
augment,0.7392799999999977,0.002112236526325389,1000,0.5,-0.52,10
average,0.6794399999999996,0.002868015326303529,1000,0.5,-0.52,10
ensemble,0.7215999999999982,0.002348053098495297,1000,0.5,-0.52,10
plurality,0.7599999999999928,2.2831836319315643e-16,1000,1.0,-0.52,10
default,0.6359999999999991,0.002988935217386569,1000,1.0,-0.52,10
augment,0.723159999999998,0.0019337408703737446,1000,1.0,-0.52,10
average,0.6086799999999982,0.003104560499635316,1000,1.0,-0.52,10
ensemble,0.6790799999999979,0.002536925223491934,1000,1.0,-0.52,10
plurality,0.7599999999999928,2.2831836319315643e-16,1000,1.5,-0.52,10
default,0.6201199999999987,0.0030251507627120184,1000,1.5,-0.52,10
augment,0.720359999999999,0.0019012325173647427,1000,1.5,-0.52,10
average,0.58864,0.00310080076195898,1000,1.5,-0.52,10
ensemble,0.6661599999999992,0.002620099104865933,1000,1.5,-0.52,10
plurality,0.7599999999999928,2.2831836319315643e-16,1000,2.0,-0.52,10
default,0.615879999999999,0.00317028015737983,1000,2.0,-0.52,10
augment,0.7230799999999994,0.0018604232783898402,1000,2.0,-0.52,10
average,0.5790800000000006,0.00313627004414316,1000,2.0,-0.52,10
ensemble,0.6646399999999989,0.0025999288509553488,1000,2.0,-0.52,10
plurality,0.5199999999999929,2.2480577299018473e-16,1000,0.0,0.0,15
default,1.0,0.0,1000,0.0,0.0,15
augment,1.0,0.0,1000,0.0,0.0,15
average,1.0,0.0,1000,0.0,0.0,15
ensemble,1.0,0.0,1000,0.0,0.0,15
plurality,0.5199999999999929,2.2480577299018473e-16,1000,0.2,0.0,15
default,0.7571999999999979,0.002617290623948795,1000,0.2,0.0,15
augment,0.799839999999998,0.002405194245660713,1000,0.2,0.0,15
average,0.8046799999999972,0.002354493839711887,1000,0.2,0.0,15
ensemble,0.793239999999997,0.002471033874395162,1000,0.2,0.0,15
plurality,0.5199999999999929,2.2480577299018473e-16,1000,0.5,0.0,15
default,0.5676799999999997,0.0031182593126841017,1000,0.5,0.0,15
augment,0.6054399999999999,0.0028951663835414306,1000,0.5,0.0,15
average,0.6007999999999992,0.003004860926763356,1000,0.5,0.0,15
ensemble,0.5909600000000005,0.003053326252007998,1000,0.5,0.0,15
plurality,0.5199999999999929,2.2480577299018473e-16,1000,1.0,0.0,15
default,0.5146400000000004,0.0031471216650734717,1000,1.0,0.0,15
augment,0.5348400000000002,0.0030956352106405022,1000,1.0,0.0,15
average,0.5276399999999997,0.003127332826964621,1000,1.0,0.0,15
ensemble,0.5237600000000011,0.0030349750367134045,1000,1.0,0.0,15
plurality,0.5199999999999929,2.2480577299018473e-16,1000,1.5,0.0,15
default,0.5102000000000005,0.0031716903410673046,1000,1.5,0.0,15
augment,0.5195600000000002,0.0031897932818885323,1000,1.5,0.0,15
average,0.5128800000000003,0.003145154622208202,1000,1.5,0.0,15
ensemble,0.5146800000000012,0.003088371032702454,1000,1.5,0.0,15
plurality,0.5199999999999929,2.2480577299018473e-16,1000,2.0,0.0,15
default,0.4974399999999996,0.00319255991938113,1000,2.0,0.0,15
augment,0.5106800000000006,0.0031365866440727806,1000,2.0,0.0,15
average,0.5098000000000007,0.003191574242618555,1000,2.0,0.0,15
ensemble,0.5004000000000001,0.0031820064684354643,1000,2.0,0.0,15
plurality,0.9199999999999847,4.847374480100859e-16,1000,0.0,-0.84,15
default,0.9199999999999847,4.847374480100859e-16,1000,0.0,-0.84,15
augment,1.0,0.0,1000,0.0,-0.84,15
average,0.9199999999999847,4.847374480100859e-16,1000,0.0,-0.84,15
ensemble,0.9199999999999847,4.847374480100859e-16,1000,0.0,-0.84,15
plurality,0.9199999999999847,4.847374480100859e-16,1000,0.2,-0.84,15
default,0.9245999999999922,0.0009106422290171216,1000,0.2,-0.84,15
augment,0.9359599999999958,0.001097306922644019,1000,0.2,-0.84,15
average,0.9353599999999952,0.0009625990842489896,1000,0.2,-0.84,15
ensemble,0.9275199999999904,0.0006386371876562299,1000,0.2,-0.84,15
plurality,0.9199999999999847,4.847374480100859e-16,1000,0.5,-0.84,15
default,0.8582799999999959,0.001935145055644765,1000,0.5,-0.84,15
augment,0.8859999999999945,0.0015434968034895309,1000,0.5,-0.84,15
average,0.8379199999999958,0.0022178802024889863,1000,0.5,-0.84,15
ensemble,0.9009199999999914,0.0010779218503748353,1000,0.5,-0.84,15
plurality,0.9199999999999847,4.847374480100859e-16,1000,1.0,-0.84,15
default,0.7906399999999967,0.002610594875810039,1000,1.0,-0.84,15
augment,0.8683199999999943,0.0018105401557700072,1000,1.0,-0.84,15
average,0.7563599999999977,0.0027941649482014796,1000,1.0,-0.84,15
ensemble,0.8632799999999964,0.0018266302795525388,1000,1.0,-0.84,15
plurality,0.9199999999999847,4.847374480100859e-16,1000,1.5,-0.84,15
default,0.744719999999997,0.0030251732633476223,1000,1.5,-0.84,15
augment,0.8618399999999956,0.0020216581069759333,1000,1.5,-0.84,15
average,0.7065999999999996,0.003064805545712978,1000,1.5,-0.84,15
ensemble,0.8187599999999968,0.0023935311552999257,1000,1.5,-0.84,15
plurality,0.9199999999999847,4.847374480100859e-16,1000,2.0,-0.84,15
default,0.6990399999999983,0.0033236915207830752,1000,2.0,-0.84,15
augment,0.8531199999999945,0.0021840869570225138,1000,2.0,-0.84,15
average,0.675399999999998,0.003116368359445293,1000,2.0,-0.84,15
ensemble,0.772599999999997,0.0027933210776139965,1000,2.0,-0.84,15
plurality,0.8799999999999959,1.2996583750995055e-16,1000,0.0,-0.76,15
default,0.9600000000000122,3.8638492232688e-16,1000,0.0,-0.76,15
augment,1.0,0.0,1000,0.0,-0.76,15
average,0.9600000000000122,3.8638492232688e-16,1000,0.0,-0.76,15
ensemble,0.9600000000000122,3.8638492232688e-16,1000,0.0,-0.76,15
plurality,0.8799999999999959,1.2996583750995055e-16,1000,0.2,-0.76,15
default,0.8849599999999949,0.0012442453723227334,1000,0.2,-0.76,15
augment,0.8991999999999954,0.00137216720659066,1000,0.2,-0.76,15
average,0.9010799999999953,0.0012963464483362892,1000,0.2,-0.76,15
ensemble,0.8959999999999935,0.0010312436489324328,1000,0.2,-0.76,15
plurality,0.8799999999999959,1.2996583750995055e-16,1000,0.5,-0.76,15
default,0.8079999999999968,0.0023520059379032072,1000,0.5,-0.76,15
augment,0.8498799999999966,0.001720391044310957,1000,0.5,-0.76,15
average,0.798519999999998,0.0023903814598351253,1000,0.5,-0.76,15
ensemble,0.8540399999999964,0.001630440657226362,1000,0.5,-0.76,15
plurality,0.8799999999999959,1.2996583750995055e-16,1000,1.0,-0.76,15
default,0.7225599999999985,0.003038861806841678,1000,1.0,-0.76,15
augment,0.8248399999999976,0.001899732450473858,1000,1.0,-0.76,15
average,0.6872399999999993,0.002886505554180399,1000,1.0,-0.76,15
ensemble,0.7894399999999977,0.002246226153336285,1000,1.0,-0.76,15
plurality,0.8799999999999959,1.2996583750995055e-16,1000,1.5,-0.76,15
default,0.6872399999999989,0.0031861157753185466,1000,1.5,-0.76,15
augment,0.8255199999999974,0.001996576048117339,1000,1.5,-0.76,15
average,0.654119999999999,0.003057903918761412,1000,1.5,-0.76,15
ensemble,0.7533599999999975,0.0026450910961452597,1000,1.5,-0.76,15
plurality,0.8799999999999959,1.2996583750995055e-16,1000,2.0,-0.76,15
default,0.6562000000000001,0.00321233234256343,1000,2.0,-0.76,15
augment,0.8230399999999966,0.0020865071080425107,1000,2.0,-0.76,15
average,0.6344800000000004,0.003114101351469988,1000,2.0,-0.76,15
ensemble,0.7175199999999978,0.0029052866106961356,1000,2.0,-0.76,15
plurality,0.8400000000000056,1.7914210035155348e-16,1000,0.0,-0.68,15
default,1.0,0.0,1000,0.0,-0.68,15
augment,1.0,0.0,1000,0.0,-0.68,15
average,1.0,0.0,1000,0.0,-0.68,15
ensemble,1.0,0.0,1000,0.0,-0.68,15
plurality,0.8400000000000056,1.7914210035155348e-16,1000,0.2,-0.68,15
default,0.8728799999999954,0.0016079462338931204,1000,0.2,-0.68,15
augment,0.8935599999999966,0.0015572255300216947,1000,0.2,-0.68,15
average,0.898079999999997,0.0015216533866255558,1000,0.2,-0.68,15
ensemble,0.8910399999999958,0.0013284137469490092,1000,0.2,-0.68,15
plurality,0.8400000000000056,1.7914210035155348e-16,1000,0.5,-0.68,15
default,0.7390399999999993,0.0026718939757066225,1000,0.5,-0.68,15
augment,0.7977599999999969,0.0019925241661150773,1000,0.5,-0.68,15
average,0.7348799999999959,0.0026082539348362124,1000,0.5,-0.68,15
ensemble,0.7927999999999968,0.001987186178723307,1000,0.5,-0.68,15
plurality,0.8400000000000056,1.7914210035155348e-16,1000,1.0,-0.68,15
default,0.6809599999999992,0.003118333273144875,1000,1.0,-0.68,15
augment,0.7830799999999977,0.002135010976990955,1000,1.0,-0.68,15
average,0.6555999999999984,0.0028897388447038973,1000,1.0,-0.68,15
ensemble,0.74008,0.0025898843798712492,1000,1.0,-0.68,15
plurality,0.8400000000000056,1.7914210035155348e-16,1000,1.5,-0.68,15
default,0.6454399999999991,0.003079592552642362,1000,1.5,-0.68,15
augment,0.7800399999999986,0.002069463959841073,1000,1.5,-0.68,15
average,0.6170799999999999,0.0030778152229376287,1000,1.5,-0.68,15
ensemble,0.7032799999999974,0.0026519944710867343,1000,1.5,-0.68,15
plurality,0.8400000000000056,1.7914210035155348e-16,1000,2.0,-0.68,15
default,0.620719999999998,0.003319412613716487,1000,2.0,-0.68,15
augment,0.7814799999999967,0.002139716800884636,1000,2.0,-0.68,15
average,0.60352,0.003125216244770361,1000,2.0,-0.68,15
ensemble,0.6725599999999984,0.002989311355878205,1000,2.0,-0.68,15
plurality,0.7999999999999887,3.5828420070310695e-16,1000,0.0,-0.6,15
default,1.0,0.0,1000,0.0,-0.6,15
augment,1.0,0.0,1000,0.0,-0.6,15
average,1.0,0.0,1000,0.0,-0.6,15
ensemble,1.0,0.0,1000,0.0,-0.6,15
plurality,0.7999999999999887,3.5828420070310695e-16,1000,0.2,-0.6,15
default,0.8641199999999971,0.0018980590686878554,1000,0.2,-0.6,15
augment,0.8861199999999962,0.0017616040556404408,1000,0.2,-0.6,15
average,0.8888799999999958,0.001778400491539599,1000,0.2,-0.6,15
ensemble,0.8838799999999966,0.0016710889079094866,1000,0.2,-0.6,15
plurality,0.7999999999999887,3.5828420070310695e-16,1000,0.5,-0.6,15
default,0.7038,0.0027439185645877166,1000,0.5,-0.6,15
augment,0.7643999999999977,0.002194870715431195,1000,0.5,-0.6,15
average,0.7077199999999991,0.002732154143943252,1000,0.5,-0.6,15
ensemble,0.7534399999999973,0.002206226152014747,1000,0.5,-0.6,15
plurality,0.7999999999999887,3.5828420070310695e-16,1000,1.0,-0.6,15
default,0.6284399999999996,0.0030806260170063975,1000,1.0,-0.6,15
augment,0.7342399999999976,0.0022322646360603015,1000,1.0,-0.6,15
average,0.6086399999999995,0.0031064772010431035,1000,1.0,-0.6,15
ensemble,0.6817199999999987,0.0027281650398178646,1000,1.0,-0.6,15
plurality,0.7999999999999887,3.5828420070310695e-16,1000,1.5,-0.6,15
default,0.6127599999999996,0.003272658352577104,1000,1.5,-0.6,15
augment,0.7366799999999977,0.0021562994289354106,1000,1.5,-0.6,15
average,0.5923599999999991,0.0030210523261203345,1000,1.5,-0.6,15
ensemble,0.6607199999999982,0.002834840016282742,1000,1.5,-0.6,15
plurality,0.7999999999999887,3.5828420070310695e-16,1000,2.0,-0.6,15
default,0.5943600000000004,0.0031983777169089936,1000,2.0,-0.6,15
augment,0.7361999999999975,0.002204000366973111,1000,2.0,-0.6,15
average,0.5780000000000003,0.0032134601796702583,1000,2.0,-0.6,15
ensemble,0.6362399999999989,0.0029742071730645,1000,2.0,-0.6,15
plurality,0.7599999999999928,2.2831836319315643e-16,1000,0.0,-0.52,15
default,1.0,0.0,1000,0.0,-0.52,15
augment,1.0,0.0,1000,0.0,-0.52,15
average,1.0,0.0,1000,0.0,-0.52,15
ensemble,1.0,0.0,1000,0.0,-0.52,15
plurality,0.7599999999999928,2.2831836319315643e-16,1000,0.2,-0.52,15
default,0.8002399999999973,0.002205812323840815,1000,0.2,-0.52,15
augment,0.8314799999999966,0.0020885812820600784,1000,0.2,-0.52,15
average,0.8333599999999972,0.0021072139783967765,1000,0.2,-0.52,15
ensemble,0.8284399999999965,0.0019282335139926554,1000,0.2,-0.52,15
plurality,0.7599999999999928,2.2831836319315643e-16,1000,0.5,-0.52,15
default,0.6696799999999994,0.0028912725670640345,1000,0.5,-0.52,15
augment,0.7296399999999981,0.0022895222891058087,1000,0.5,-0.52,15
average,0.6849199999999991,0.002860205302836546,1000,0.5,-0.52,15
ensemble,0.7141599999999987,0.0024200311880120443,1000,0.5,-0.52,15
plurality,0.7599999999999928,2.2831836319315643e-16,1000,1.0,-0.52,15
default,0.6003199999999982,0.0029867739148483324,1000,1.0,-0.52,15
augment,0.69236,0.002323753478798949,1000,1.0,-0.52,15
average,0.58716,0.0031673911609977727,1000,1.0,-0.52,15
ensemble,0.6423599999999997,0.002715327494687027,1000,1.0,-0.52,15
plurality,0.7599999999999928,2.2831836319315643e-16,1000,1.5,-0.52,15
default,0.5862799999999994,0.003148471768092329,1000,1.5,-0.52,15
augment,0.6869599999999996,0.0023361969557843796,1000,1.5,-0.52,15
average,0.5693200000000004,0.003263217152778242,1000,1.5,-0.52,15
ensemble,0.6177600000000003,0.0030820255160010092,1000,1.5,-0.52,15
plurality,0.7599999999999928,2.2831836319315643e-16,1000,2.0,-0.52,15
default,0.5750800000000001,0.003249484998080877,1000,2.0,-0.52,15
augment,0.6933999999999995,0.0023658481010490223,1000,2.0,-0.52,15
average,0.5662400000000006,0.00313376496931133,1000,2.0,-0.52,15
ensemble,0.6097599999999995,0.002956193748975445,1000,2.0,-0.52,15
plurality,0.5199999999999929,2.2480577299018473e-16,1000,0.0,0.0,20
default,1.0,0.0,1000,0.0,0.0,20
augment,1.0,0.0,1000,0.0,0.0,20
average,1.0,0.0,1000,0.0,0.0,20
ensemble,1.0,0.0,1000,0.0,0.0,20
plurality,0.5199999999999929,2.2480577299018473e-16,1000,0.2,0.0,20
default,0.669599999999999,0.002891539555496507,1000,0.2,0.0,20
augment,0.7199599999999985,0.0027369123276219753,1000,0.2,0.0,20
average,0.7267599999999981,0.002719724121910034,1000,0.2,0.0,20
ensemble,0.7072399999999981,0.0027828270744921406,1000,0.2,0.0,20
plurality,0.5199999999999929,2.2480577299018473e-16,1000,0.5,0.0,20
default,0.5518000000000004,0.003050715795820197,1000,0.5,0.0,20
augment,0.5878399999999998,0.0030920697429545905,1000,0.5,0.0,20
average,0.5827599999999996,0.003132634002847422,1000,0.5,0.0,20
ensemble,0.5718400000000003,0.003171541119562072,1000,0.5,0.0,20
plurality,0.5199999999999929,2.2480577299018473e-16,1000,1.0,0.0,20
default,0.5164799999999997,0.003063101727365938,1000,1.0,0.0,20
augment,0.5268800000000003,0.003153825012934631,1000,1.0,0.0,20
average,0.5214,0.003193530748034002,1000,1.0,0.0,20
ensemble,0.5191600000000003,0.0031042117406083107,1000,1.0,0.0,20
plurality,0.5199999999999929,2.2480577299018473e-16,1000,1.5,0.0,20
default,0.5080400000000009,0.0031929850537629582,1000,1.5,0.0,20
augment,0.5168800000000001,0.0032378927637507645,1000,1.5,0.0,20
average,0.5152000000000003,0.0031044802782104752,1000,1.5,0.0,20
ensemble,0.5130399999999999,0.0032575712072294284,1000,1.5,0.0,20
plurality,0.5199999999999929,2.2480577299018473e-16,1000,2.0,0.0,20
default,0.5050000000000006,0.003143132081106245,1000,2.0,0.0,20
augment,0.5107600000000003,0.003067642878959804,1000,2.0,0.0,20
average,0.5075600000000001,0.003255740506589298,1000,2.0,0.0,20
ensemble,0.5086399999999999,0.003124469989088187,1000,2.0,0.0,20
plurality,0.9199999999999847,4.847374480100859e-16,1000,0.0,-0.84,20
default,1.0,0.0,1000,0.0,-0.84,20
augment,1.0,0.0,1000,0.0,-0.84,20
average,1.0,0.0,1000,0.0,-0.84,20
ensemble,1.0,0.0,1000,0.0,-0.84,20
plurality,0.9199999999999847,4.847374480100859e-16,1000,0.2,-0.84,20
default,0.9314799999999971,0.0009824330892100326,1000,0.2,-0.84,20
augment,0.9462799999999987,0.0011172331045085446,1000,0.2,-0.84,20
average,0.9478800000000006,0.0010383562894227501,1000,0.2,-0.84,20
ensemble,0.9339199999999932,0.0007952773516617075,1000,0.2,-0.84,20
plurality,0.9199999999999847,4.847374480100859e-16,1000,0.5,-0.84,20
default,0.853919999999996,0.00200934593116044,1000,0.5,-0.84,20
augment,0.8642799999999954,0.001834188061744454,1000,0.5,-0.84,20
average,0.8296399999999957,0.0021588262854919348,1000,0.5,-0.84,20
ensemble,0.8996799999999913,0.0010915535209457608,1000,0.5,-0.84,20
plurality,0.9199999999999847,4.847374480100859e-16,1000,1.0,-0.84,20
default,0.7755199999999963,0.002667103868064207,1000,1.0,-0.84,20
augment,0.8272799999999964,0.002181320645792303,1000,1.0,-0.84,20
average,0.7437199999999979,0.0029607647200896956,1000,1.0,-0.84,20
ensemble,0.8466799999999958,0.002021351890063545,1000,1.0,-0.84,20
plurality,0.9199999999999847,4.847374480100859e-16,1000,1.5,-0.84,20
default,0.7069999999999992,0.0032731809778430644,1000,1.5,-0.84,20
augment,0.8154399999999971,0.0024705687827118066,1000,1.5,-0.84,20
average,0.6913199999999992,0.0029633492941330817,1000,1.5,-0.84,20
ensemble,0.785039999999997,0.0025393398052735313,1000,1.5,-0.84,20
plurality,0.9199999999999847,4.847374480100859e-16,1000,2.0,-0.84,20
default,0.6610399999999994,0.003377206526690936,1000,2.0,-0.84,20
augment,0.8105199999999955,0.0024441160576583287,1000,2.0,-0.84,20
average,0.6575999999999983,0.003160922560176303,1000,2.0,-0.84,20
ensemble,0.7296399999999985,0.0029362036189085504,1000,2.0,-0.84,20
plurality,0.8799999999999959,1.2996583750995055e-16,1000,0.0,-0.76,20
default,0.9600000000000122,3.8638492232688e-16,1000,0.0,-0.76,20
augment,1.0,0.0,1000,0.0,-0.76,20
average,0.9600000000000122,3.8638492232688e-16,1000,0.0,-0.76,20
ensemble,0.9600000000000122,3.8638492232688e-16,1000,0.0,-0.76,20
plurality,0.8799999999999959,1.2996583750995055e-16,1000,0.2,-0.76,20
default,0.9192799999999958,0.0013222821295132323,1000,0.2,-0.76,20
augment,0.937279999999999,0.0012714630227490683,1000,0.2,-0.76,20
average,0.9398000000000002,0.0012204300264453633,1000,0.2,-0.76,20
ensemble,0.9308799999999963,0.001032807964866797,1000,0.2,-0.76,20
plurality,0.8799999999999959,1.2996583750995055e-16,1000,0.5,-0.76,20
default,0.7895999999999981,0.002473612491632173,1000,0.5,-0.76,20
augment,0.8211999999999967,0.0020086300292972226,1000,0.5,-0.76,20
average,0.7755599999999986,0.002520841335951358,1000,0.5,-0.76,20
ensemble,0.8413599999999963,0.0016378134304104366,1000,0.5,-0.76,20
plurality,0.8799999999999959,1.2996583750995055e-16,1000,1.0,-0.76,20
default,0.7141199999999989,0.0029237602456381267,1000,1.0,-0.76,20
augment,0.7885199999999968,0.0022971038910520156,1000,1.0,-0.76,20
average,0.6891999999999979,0.0028667015850935627,1000,1.0,-0.76,20
ensemble,0.780239999999997,0.0022891882366425794,1000,1.0,-0.76,20
plurality,0.8799999999999959,1.2996583750995055e-16,1000,1.5,-0.76,20
default,0.6649199999999984,0.003140709737886902,1000,1.5,-0.76,20
augment,0.7785599999999971,0.0024633299402220454,1000,1.5,-0.76,20
average,0.6509199999999984,0.0030574010697488317,1000,1.5,-0.76,20
ensemble,0.7298399999999983,0.002778289634522167,1000,1.5,-0.76,20
plurality,0.8799999999999959,1.2996583750995055e-16,1000,2.0,-0.76,20
default,0.6284,0.0033300644632393074,1000,2.0,-0.76,20
augment,0.776079999999999,0.002620133336053487,1000,2.0,-0.76,20
average,0.6146399999999992,0.0031830491988347,1000,2.0,-0.76,20
ensemble,0.6789999999999984,0.002918547227289281,1000,2.0,-0.76,20
plurality,0.8400000000000056,1.7914210035155348e-16,1000,0.0,-0.68,20
default,1.0,0.0,1000,0.0,-0.68,20
augment,1.0,0.0,1000,0.0,-0.68,20
average,1.0,0.0,1000,0.0,-0.68,20
ensemble,1.0,0.0,1000,0.0,-0.68,20
plurality,0.8400000000000056,1.7914210035155348e-16,1000,0.2,-0.68,20
default,0.8675999999999972,0.0017571931389940398,1000,0.2,-0.68,20
augment,0.8929599999999958,0.0016955569330793074,1000,0.2,-0.68,20
average,0.8995599999999961,0.0016490378181611533,1000,0.2,-0.68,20
ensemble,0.886719999999996,0.0014833212200470343,1000,0.2,-0.68,20
plurality,0.8400000000000056,1.7914210035155348e-16,1000,0.5,-0.68,20
default,0.7354399999999979,0.00267416483365509,1000,0.5,-0.68,20
augment,0.7812799999999983,0.0023928408403584415,1000,0.5,-0.68,20
average,0.7351599999999979,0.0027747925821354487,1000,0.5,-0.68,20
ensemble,0.7945999999999973,0.0020448524204502937,1000,0.5,-0.68,20
plurality,0.8400000000000056,1.7914210035155348e-16,1000,1.0,-0.68,20
default,0.6579199999999988,0.0030800584995029404,1000,1.0,-0.68,20
augment,0.7469199999999983,0.002537430226065761,1000,1.0,-0.68,20
average,0.6408399999999991,0.0030479804107940976,1000,1.0,-0.68,20
ensemble,0.7221199999999973,0.002638345403177243,1000,1.0,-0.68,20
plurality,0.8400000000000056,1.7914210035155348e-16,1000,1.5,-0.68,20
default,0.6200399999999995,0.003194589770816251,1000,1.5,-0.68,20
augment,0.743239999999998,0.002385622265488315,1000,1.5,-0.68,20
average,0.6104000000000005,0.0030605239431846965,1000,1.5,-0.68,20
ensemble,0.6743999999999981,0.002894861001882503,1000,1.5,-0.68,20
plurality,0.8400000000000056,1.7914210035155348e-16,1000,2.0,-0.68,20
default,0.5947599999999996,0.003199058670355453,1000,2.0,-0.68,20
augment,0.740759999999998,0.002446672967237058,1000,2.0,-0.68,20
average,0.5963200000000005,0.0031275932343320127,1000,2.0,-0.68,20
ensemble,0.6413599999999998,0.0028587974959977665,1000,2.0,-0.68,20
plurality,0.7999999999999887,3.5828420070310695e-16,1000,0.0,-0.6,20
default,0.9600000000000122,3.8638492232688e-16,1000,0.0,-0.6,20
augment,1.0,0.0,1000,0.0,-0.6,20
average,0.9600000000000122,3.8638492232688e-16,1000,0.0,-0.6,20
ensemble,0.9600000000000122,3.8638492232688e-16,1000,0.0,-0.6,20
plurality,0.7999999999999887,3.5828420070310695e-16,1000,0.2,-0.6,20
default,0.8141599999999961,0.0020549737996668764,1000,0.2,-0.6,20
augment,0.8395999999999959,0.0020343004641346263,1000,0.2,-0.6,20
average,0.8435999999999969,0.0020319371960689937,1000,0.2,-0.6,20
ensemble,0.8383999999999971,0.0018323748518241497,1000,0.2,-0.6,20
plurality,0.7999999999999887,3.5828420070310695e-16,1000,0.5,-0.6,20
default,0.7039599999999986,0.0028253674276279596,1000,0.5,-0.6,20
augment,0.7531599999999976,0.002476640496347448,1000,0.5,-0.6,20
average,0.7074399999999988,0.0028740401017568486,1000,0.5,-0.6,20
ensemble,0.7540799999999976,0.00232533024767682,1000,0.5,-0.6,20
plurality,0.7999999999999887,3.5828420070310695e-16,1000,1.0,-0.6,20
default,0.6267999999999995,0.0030883163208612007,1000,1.0,-0.6,20
augment,0.7054399999999996,0.0025454441038226822,1000,1.0,-0.6,20
average,0.6103199999999986,0.003106500917100777,1000,1.0,-0.6,20
ensemble,0.6748799999999991,0.0027141761829977628,1000,1.0,-0.6,20
plurality,0.7999999999999887,3.5828420070310695e-16,1000,1.5,-0.6,20
default,0.5969999999999999,0.0032298346446578198,1000,1.5,-0.6,20
augment,0.704599999999999,0.002419399407599638,1000,1.5,-0.6,20
average,0.5856399999999995,0.0031996293579144527,1000,1.5,-0.6,20
ensemble,0.6392399999999987,0.002988034596645546,1000,1.5,-0.6,20
plurality,0.7999999999999887,3.5828420070310695e-16,1000,2.0,-0.6,20
default,0.57564,0.0032230697446035237,1000,2.0,-0.6,20
augment,0.6989999999999981,0.002635060444001913,1000,2.0,-0.6,20
average,0.5700799999999998,0.0032587440852286935,1000,2.0,-0.6,20
ensemble,0.6076800000000006,0.003096094863437395,1000,2.0,-0.6,20
plurality,0.7599999999999928,2.2831836319315643e-16,1000,0.0,-0.52,20
default,1.0,0.0,1000,0.0,-0.52,20
augment,1.0,0.0,1000,0.0,-0.52,20
average,1.0,0.0,1000,0.0,-0.52,20
ensemble,1.0,0.0,1000,0.0,-0.52,20
plurality,0.7599999999999928,2.2831836319315643e-16,1000,0.2,-0.52,20
default,0.8352399999999968,0.0021292900873944474,1000,0.2,-0.52,20
augment,0.8712799999999975,0.001968918037460734,1000,0.2,-0.52,20
average,0.8772799999999971,0.0018776920214261267,1000,0.2,-0.52,20
ensemble,0.8682399999999965,0.0018223675324761989,1000,0.2,-0.52,20
plurality,0.7599999999999928,2.2831836319315643e-16,1000,0.5,-0.52,20
default,0.6575599999999989,0.0028959338446920375,1000,0.5,-0.52,20
augment,0.7092799999999986,0.0025456555073226105,1000,0.5,-0.52,20
average,0.6667199999999984,0.002921673797291156,1000,0.5,-0.52,20
ensemble,0.7042799999999988,0.002606083896054247,1000,0.5,-0.52,20
plurality,0.7599999999999928,2.2831836319315643e-16,1000,1.0,-0.52,20
default,0.6016400000000001,0.0031336768069362836,1000,1.0,-0.52,20
augment,0.67356,0.0025840285609109665,1000,1.0,-0.52,20
average,0.5951599999999996,0.0031093153976787646,1000,1.0,-0.52,20
ensemble,0.6408399999999999,0.0028765898507032823,1000,1.0,-0.52,20
plurality,0.7599999999999928,2.2831836319315643e-16,1000,1.5,-0.52,20
default,0.5734800000000003,0.0031224412307102305,1000,1.5,-0.52,20
augment,0.6654799999999985,0.0026252736355781344,1000,1.5,-0.52,20
average,0.5659999999999998,0.003136277448861337,1000,1.5,-0.52,20
ensemble,0.6051199999999991,0.003061365309393434,1000,1.5,-0.52,20
plurality,0.7599999999999928,2.2831836319315643e-16,1000,2.0,-0.52,20
default,0.5562800000000004,0.0032001879324194053,1000,2.0,-0.52,20
augment,0.6575599999999999,0.0026492763285593792,1000,2.0,-0.52,20
average,0.550960000000001,0.003170162192747927,1000,2.0,-0.52,20
ensemble,0.5766800000000002,0.0031208199430786043,1000,2.0,-0.52,20
plurality,0.5199999999999929,2.2480577299018473e-16,1000,0.0,0.0,25
default,1.0,0.0,1000,0.0,0.0,25
augment,1.0,0.0,1000,0.0,0.0,25
average,1.0,0.0,1000,0.0,0.0,25
ensemble,1.0,0.0,1000,0.0,0.0,25
plurality,0.5199999999999929,2.2480577299018473e-16,1000,0.2,0.0,25
default,0.7365599999999978,0.002468493439298523,1000,0.2,0.0,25
augment,0.7856799999999979,0.0024927798842961538,1000,0.2,0.0,25
average,0.793319999999997,0.0024608603035185484,1000,0.2,0.0,25
ensemble,0.780079999999997,0.002445480315597319,1000,0.2,0.0,25
plurality,0.5199999999999929,2.2480577299018473e-16,1000,0.5,0.0,25
default,0.5699200000000003,0.0032832260313863863,1000,0.5,0.0,25
augment,0.6127599999999995,0.0030581259840847803,1000,0.5,0.0,25
average,0.6161199999999991,0.0031124641416461415,1000,0.5,0.0,25
ensemble,0.5988399999999996,0.003135935026190531,1000,0.5,0.0,25
plurality,0.5199999999999929,2.2480577299018473e-16,1000,1.0,0.0,25
default,0.5214400000000002,0.0032405597707228927,1000,1.0,0.0,25
augment,0.5391599999999999,0.0032971147030950204,1000,1.0,0.0,25
average,0.5366400000000001,0.0033076352354591307,1000,1.0,0.0,25
ensemble,0.5321200000000011,0.003132621732498031,1000,1.0,0.0,25
plurality,0.5199999999999929,2.2480577299018473e-16,1000,1.5,0.0,25
default,0.5103199999999999,0.003351048660811587,1000,1.5,0.0,25
augment,0.5155199999999996,0.003147989745764649,1000,1.5,0.0,25
average,0.5140399999999999,0.0033051781499039614,1000,1.5,0.0,25
ensemble,0.5112399999999999,0.0033134636623088935,1000,1.5,0.0,25
plurality,0.5199999999999929,2.2480577299018473e-16,1000,2.0,0.0,25
default,0.50372,0.0031059633946021723,1000,2.0,0.0,25
augment,0.51392,0.002995597971558799,1000,2.0,0.0,25
average,0.51,0.003284446313701526,1000,2.0,0.0,25
ensemble,0.5081200000000006,0.0031437475644123802,1000,2.0,0.0,25
plurality,0.9199999999999847,4.847374480100859e-16,1000,0.0,-0.84,25
default,1.0,0.0,1000,0.0,-0.84,25
augment,1.0,0.0,1000,0.0,-0.84,25
average,1.0,0.0,1000,0.0,-0.84,25
ensemble,1.0,0.0,1000,0.0,-0.84,25
plurality,0.9199999999999847,4.847374480100859e-16,1000,0.2,-0.84,25
default,0.9478799999999995,0.000995839995831309,1000,0.2,-0.84,25
augment,0.9639600000000023,0.00105973649622981,1000,0.2,-0.84,25
average,0.9669200000000038,0.0009411691661967085,1000,0.2,-0.84,25
ensemble,0.9519200000000001,0.0008905653859805665,1000,0.2,-0.84,25
plurality,0.9199999999999847,4.847374480100859e-16,1000,0.5,-0.84,25
default,0.8537199999999953,0.0020380174472057677,1000,0.5,-0.84,25
augment,0.8569199999999959,0.0018991894377656234,1000,0.5,-0.84,25
average,0.8325999999999976,0.0022492441172756463,1000,0.5,-0.84,25
ensemble,0.8978799999999925,0.0011593315529431782,1000,0.5,-0.84,25
plurality,0.9199999999999847,4.847374480100859e-16,1000,1.0,-0.84,25
default,0.7557599999999979,0.00280047586403901,1000,1.0,-0.84,25
augment,0.8056799999999974,0.002440839055590362,1000,1.0,-0.84,25
average,0.7361199999999982,0.002785516954661153,1000,1.0,-0.84,25
ensemble,0.8353999999999961,0.0020939973316183667,1000,1.0,-0.84,25
plurality,0.9199999999999847,4.847374480100859e-16,1000,1.5,-0.84,25
default,0.6863599999999983,0.003112239778107798,1000,1.5,-0.84,25
augment,0.7925599999999973,0.002462907288614879,1000,1.5,-0.84,25
average,0.6927999999999988,0.0029872200259578306,1000,1.5,-0.84,25
ensemble,0.7581599999999977,0.0026431043112976854,1000,1.5,-0.84,25
plurality,0.9199999999999847,4.847374480100859e-16,1000,2.0,-0.84,25
default,0.6349200000000002,0.0032048189441003425,1000,2.0,-0.84,25
augment,0.7773999999999974,0.002710089405275143,1000,2.0,-0.84,25
average,0.643639999999999,0.0031472934175027054,1000,2.0,-0.84,25
ensemble,0.6879199999999979,0.0029459722253192327,1000,2.0,-0.84,25
plurality,0.8799999999999959,1.2996583750995055e-16,1000,0.0,-0.76,25
default,0.9600000000000122,3.8638492232688e-16,1000,0.0,-0.76,25
augment,1.0,0.0,1000,0.0,-0.76,25
average,0.9600000000000122,3.8638492232688e-16,1000,0.0,-0.76,25
ensemble,0.9600000000000122,3.8638492232688e-16,1000,0.0,-0.76,25
plurality,0.8799999999999959,1.2996583750995055e-16,1000,0.2,-0.76,25
default,0.9117199999999966,0.0014138743369340294,1000,0.2,-0.76,25
augment,0.9357999999999986,0.001382270114945227,1000,0.2,-0.76,25
average,0.9411999999999995,0.0013435643509579884,1000,0.2,-0.76,25
ensemble,0.9248399999999969,0.0012048344392596184,1000,0.2,-0.76,25
plurality,0.8799999999999959,1.2996583750995055e-16,1000,0.5,-0.76,25
default,0.7972799999999969,0.0024162864151503326,1000,0.5,-0.76,25
augment,0.8167999999999968,0.0022538055904712884,1000,0.5,-0.76,25
average,0.7943199999999975,0.0024329522923511784,1000,0.5,-0.76,25
ensemble,0.8512399999999973,0.001667465994508681,1000,0.5,-0.76,25
plurality,0.8799999999999959,1.2996583750995055e-16,1000,1.0,-0.76,25
default,0.7033199999999983,0.003013778435860945,1000,1.0,-0.76,25
augment,0.7563999999999982,0.002632787794633587,1000,1.0,-0.76,25
average,0.6862799999999984,0.0030542249245741485,1000,1.0,-0.76,25
ensemble,0.7699599999999974,0.0023961928428530488,1000,1.0,-0.76,25
plurality,0.8799999999999959,1.2996583750995055e-16,1000,1.5,-0.76,25
default,0.6393999999999989,0.0030970359429027543,1000,1.5,-0.76,25
augment,0.7402799999999986,0.002737190861780335,1000,1.5,-0.76,25
average,0.6414399999999995,0.003112493215095257,1000,1.5,-0.76,25
ensemble,0.6977599999999978,0.0028526338566174105,1000,1.5,-0.76,25
plurality,0.8799999999999959,1.2996583750995055e-16,1000,2.0,-0.76,25
default,0.5963599999999996,0.003357085107711826,1000,2.0,-0.76,25
augment,0.7335999999999978,0.002835609401994683,1000,2.0,-0.76,25
average,0.6113999999999994,0.00303777353798273,1000,2.0,-0.76,25
ensemble,0.6405599999999992,0.003211043007684141,1000,2.0,-0.76,25
plurality,0.8400000000000056,1.7914210035155348e-16,1000,0.0,-0.68,25
default,1.0,0.0,1000,0.0,-0.68,25
augment,1.0,0.0,1000,0.0,-0.68,25
average,1.0,0.0,1000,0.0,-0.68,25
ensemble,1.0,0.0,1000,0.0,-0.68,25
plurality,0.8400000000000056,1.7914210035155348e-16,1000,0.2,-0.68,25
default,0.8674799999999953,0.0017866285684611854,1000,0.2,-0.68,25
augment,0.892279999999996,0.001760312557559122,1000,0.2,-0.68,25
average,0.9007199999999975,0.0017258215608979015,1000,0.2,-0.68,25
ensemble,0.8890799999999954,0.0014337395890499831,1000,0.2,-0.68,25
plurality,0.8400000000000056,1.7914210035155348e-16,1000,0.5,-0.68,25
default,0.7537199999999968,0.0025986370494000327,1000,0.5,-0.68,25
augment,0.7850799999999973,0.002329381810614057,1000,0.5,-0.68,25
average,0.7561599999999985,0.0026439827996878242,1000,0.5,-0.68,25
ensemble,0.8075599999999963,0.0020245852279776617,1000,0.5,-0.68,25
plurality,0.8400000000000056,1.7914210035155348e-16,1000,1.0,-0.68,25
default,0.6524399999999996,0.003076672278991112,1000,1.0,-0.68,25
augment,0.7207999999999974,0.0026217233708828737,1000,1.0,-0.68,25
average,0.6479599999999989,0.003057644123763846,1000,1.0,-0.68,25
ensemble,0.7192799999999981,0.0025711655902513337,1000,1.0,-0.68,25
plurality,0.8400000000000056,1.7914210035155348e-16,1000,1.5,-0.68,25
default,0.6115599999999999,0.0031393346145038195,1000,1.5,-0.68,25
augment,0.7073199999999975,0.0028670957148023354,1000,1.5,-0.68,25
average,0.6114399999999997,0.0030044888672373744,1000,1.5,-0.68,25
ensemble,0.6567199999999987,0.0029591211529773585,1000,1.5,-0.68,25
plurality,0.8400000000000056,1.7914210035155348e-16,1000,2.0,-0.68,25
default,0.5756800000000004,0.0031891547952879787,1000,2.0,-0.68,25
augment,0.7002800000000001,0.0027639756079171724,1000,2.0,-0.68,25
average,0.5835200000000003,0.0030246914484552577,1000,2.0,-0.68,25
ensemble,0.6131200000000001,0.0029333377013344413,1000,2.0,-0.68,25
plurality,0.7999999999999887,3.5828420070310695e-16,1000,0.0,-0.6,25
default,1.0,0.0,1000,0.0,-0.6,25
augment,1.0,0.0,1000,0.0,-0.6,25
average,1.0,0.0,1000,0.0,-0.6,25
ensemble,1.0,0.0,1000,0.0,-0.6,25
plurality,0.7999999999999887,3.5828420070310695e-16,1000,0.2,-0.6,25
default,0.8819999999999971,0.0018606079280337007,1000,0.2,-0.6,25
augment,0.9110399999999966,0.0016333971918631317,1000,0.2,-0.6,25
average,0.918319999999998,0.0015939002848729567,1000,0.2,-0.6,25
ensemble,0.9091599999999966,0.0016214572222305204,1000,0.2,-0.6,25
plurality,0.7999999999999887,3.5828420070310695e-16,1000,0.5,-0.6,25
default,0.6926399999999989,0.0028675517873707665,1000,0.5,-0.6,25
augment,0.7322799999999984,0.0025249905301163353,1000,0.5,-0.6,25
average,0.6979599999999992,0.0028539066528503088,1000,0.5,-0.6,25
ensemble,0.7479999999999982,0.0023743709983146378,1000,0.5,-0.6,25
plurality,0.7999999999999887,3.5828420070310695e-16,1000,1.0,-0.6,25
default,0.6199999999999997,0.00313180590206485,1000,1.0,-0.6,25
augment,0.6875599999999982,0.002715256713281278,1000,1.0,-0.6,25
average,0.6209199999999994,0.00306080416265433,1000,1.0,-0.6,25
ensemble,0.6773199999999989,0.002783193087761561,1000,1.0,-0.6,25
plurality,0.7999999999999887,3.5828420070310695e-16,1000,1.5,-0.6,25
default,0.5816800000000004,0.0031349330782977454,1000,1.5,-0.6,25
augment,0.6697599999999985,0.0027728019819004135,1000,1.5,-0.6,25
average,0.5841600000000006,0.0031752758583746387,1000,1.5,-0.6,25
ensemble,0.6238399999999996,0.0029557386201744533,1000,1.5,-0.6,25
plurality,0.7999999999999887,3.5828420070310695e-16,1000,2.0,-0.6,25
default,0.5522400000000004,0.003301678888608555,1000,2.0,-0.6,25
augment,0.6621599999999996,0.002931881704695868,1000,2.0,-0.6,25
average,0.5572800000000003,0.003189918051796505,1000,2.0,-0.6,25
ensemble,0.5800800000000002,0.0030388860505830813,1000,2.0,-0.6,25
plurality,0.7599999999999928,2.2831836319315643e-16,1000,0.0,-0.52,25
default,0.9600000000000122,3.8638492232688e-16,1000,0.0,-0.52,25
augment,1.0,0.0,1000,0.0,-0.52,25
average,0.9600000000000122,3.8638492232688e-16,1000,0.0,-0.52,25
ensemble,0.9600000000000122,3.8638492232688e-16,1000,0.0,-0.52,25
plurality,0.7599999999999928,2.2831836319315643e-16,1000,0.2,-0.52,25
default,0.8006799999999958,0.0022697774096790795,1000,0.2,-0.52,25
augment,0.8324799999999956,0.002027501013652118,1000,0.2,-0.52,25
average,0.840879999999996,0.001995195831593084,1000,0.2,-0.52,25
ensemble,0.8375999999999973,0.0019211274634262881,1000,0.2,-0.52,25
plurality,0.7599999999999928,2.2831836319315643e-16,1000,0.5,-0.52,25
default,0.6536799999999993,0.0029606795205194365,1000,0.5,-0.52,25
augment,0.6885999999999993,0.002555889780990686,1000,0.5,-0.52,25
average,0.6582399999999987,0.0028814588675192326,1000,0.5,-0.52,25
ensemble,0.6989599999999987,0.0026173591593377146,1000,0.5,-0.52,25
plurality,0.7599999999999928,2.2831836319315643e-16,1000,1.0,-0.52,25
default,0.5959599999999998,0.0031314987920618258,1000,1.0,-0.52,25
augment,0.6492399999999984,0.0027388544546440782,1000,1.0,-0.52,25
average,0.5904000000000008,0.00315940213043891,1000,1.0,-0.52,25
ensemble,0.6340400000000003,0.0029038096546624,1000,1.0,-0.52,25
plurality,0.7599999999999928,2.2831836319315643e-16,1000,1.5,-0.52,25
default,0.5646800000000004,0.003174803454857801,1000,1.5,-0.52,25
augment,0.64088,0.002914467313201453,1000,1.5,-0.52,25
average,0.5671199999999995,0.003215158292035223,1000,1.5,-0.52,25
ensemble,0.593680000000001,0.0030836287659778963,1000,1.5,-0.52,25
plurality,0.7599999999999928,2.2831836319315643e-16,1000,2.0,-0.52,25
default,0.5463200000000009,0.003238169752088872,1000,2.0,-0.52,25
augment,0.6321999999999999,0.002794238316208506,1000,2.0,-0.52,25
average,0.5495599999999994,0.0031837623565119924,1000,2.0,-0.52,25
ensemble,0.5678799999999996,0.0031205838626198845,1000,2.0,-0.52,25
plurality,0.5199999999999929,2.2480577299018473e-16,1000,0.0,0.0,30
default,1.0,0.0,1000,0.0,0.0,30
augment,1.0,0.0,1000,0.0,0.0,30
average,1.0,0.0,1000,0.0,0.0,30
ensemble,1.0,0.0,1000,0.0,0.0,30
plurality,0.5199999999999929,2.2480577299018473e-16,1000,0.2,0.0,30
default,0.8338799999999975,0.0023809692594854368,1000,0.2,0.0,30
augment,0.8725999999999978,0.0020417170735948214,1000,0.2,0.0,30
average,0.8887199999999968,0.0019394130356690238,1000,0.2,0.0,30
ensemble,0.8749999999999963,0.002034093787792862,1000,0.2,0.0,30
plurality,0.5199999999999929,2.2480577299018473e-16,1000,0.5,0.0,30
default,0.5672000000000005,0.0030059267448817825,1000,0.5,0.0,30
augment,0.5941599999999992,0.0030099425499756955,1000,0.5,0.0,30
average,0.6009599999999996,0.003001080619524385,1000,0.5,0.0,30
ensemble,0.5868399999999993,0.0030443525555497843,1000,0.5,0.0,30
plurality,0.5199999999999929,2.2480577299018473e-16,1000,1.0,0.0,30
default,0.5204000000000001,0.0031174281641055254,1000,1.0,0.0,30
augment,0.5336400000000001,0.0032177483283041784,1000,1.0,0.0,30
average,0.5346000000000004,0.003145016872948563,1000,1.0,0.0,30
ensemble,0.5270800000000002,0.003134788748943137,1000,1.0,0.0,30
plurality,0.5199999999999929,2.2480577299018473e-16,1000,1.5,0.0,30
default,0.5109600000000002,0.003092416763866324,1000,1.5,0.0,30
augment,0.5154400000000011,0.0031752304622638806,1000,1.5,0.0,30
average,0.5137600000000003,0.0031214749728303236,1000,1.5,0.0,30
ensemble,0.5171200000000007,0.0031912834236228487,1000,1.5,0.0,30
plurality,0.5199999999999929,2.2480577299018473e-16,1000,2.0,0.0,30
default,0.5075199999999999,0.0032808251116774553,1000,2.0,0.0,30
augment,0.5047200000000001,0.0032146003258967173,1000,2.0,0.0,30
average,0.5075200000000004,0.003221712126964332,1000,2.0,0.0,30
ensemble,0.5072000000000004,0.0032318732965580465,1000,2.0,0.0,30
plurality,0.9199999999999847,4.847374480100859e-16,1000,0.0,-0.84,30
default,1.0,0.0,1000,0.0,-0.84,30
augment,1.0,0.0,1000,0.0,-0.84,30
average,1.0,0.0,1000,0.0,-0.84,30
ensemble,1.0,0.0,1000,0.0,-0.84,30
plurality,0.9199999999999847,4.847374480100859e-16,1000,0.2,-0.84,30
default,0.9464800000000004,0.0009882237530975443,1000,0.2,-0.84,30
augment,0.9634400000000038,0.0010532215700770986,1000,0.2,-0.84,30
average,0.9678800000000034,0.0009472078984060426,1000,0.2,-0.84,30
ensemble,0.9501200000000011,0.0008564573072366948,1000,0.2,-0.84,30
plurality,0.9199999999999847,4.847374480100859e-16,1000,0.5,-0.84,30
default,0.8626399999999965,0.001920812307311659,1000,0.5,-0.84,30
augment,0.8680799999999963,0.0019990772646173295,1000,0.5,-0.84,30
average,0.8535199999999967,0.0021371422453774504,1000,0.5,-0.84,30
ensemble,0.9052399999999923,0.0011139943372312992,1000,0.5,-0.84,30
plurality,0.9199999999999847,4.847374480100859e-16,1000,1.0,-0.84,30
default,0.7418399999999976,0.0028814088423750146,1000,1.0,-0.84,30
augment,0.7993599999999972,0.002492107742655004,1000,1.0,-0.84,30
average,0.7376399999999986,0.0028418491350714723,1000,1.0,-0.84,30
ensemble,0.8241599999999965,0.0021233942646628843,1000,1.0,-0.84,30
plurality,0.9199999999999847,4.847374480100859e-16,1000,1.5,-0.84,30
default,0.6578399999999986,0.0030831218010386975,1000,1.5,-0.84,30
augment,0.7731199999999988,0.0025381701889171785,1000,1.5,-0.84,30
average,0.6782799999999984,0.0029849541958883595,1000,1.5,-0.84,30
ensemble,0.7213599999999992,0.002808493909204361,1000,1.5,-0.84,30
plurality,0.9199999999999847,4.847374480100859e-16,1000,2.0,-0.84,30
default,0.60416,0.0030622984949335145,1000,2.0,-0.84,30
augment,0.755199999999998,0.002746434580124373,1000,2.0,-0.84,30
average,0.6357999999999993,0.0030812747774669924,1000,2.0,-0.84,30
ensemble,0.6499199999999999,0.002930628291370673,1000,2.0,-0.84,30
plurality,0.8799999999999959,1.2996583750995055e-16,1000,0.0,-0.76,30
default,1.0,0.0,1000,0.0,-0.76,30
augment,1.0,0.0,1000,0.0,-0.76,30
average,1.0,0.0,1000,0.0,-0.76,30
ensemble,1.0,0.0,1000,0.0,-0.76,30
plurality,0.8799999999999959,1.2996583750995055e-16,1000,0.2,-0.76,30
default,0.9313199999999978,0.0012635878498364276,1000,0.2,-0.76,30
augment,0.9534000000000011,0.001159734877023614,1000,0.2,-0.76,30
average,0.9583200000000005,0.0011306883107452964,1000,0.2,-0.76,30
ensemble,0.9436799999999992,0.0010493611193286836,1000,0.2,-0.76,30
plurality,0.8799999999999959,1.2996583750995055e-16,1000,0.5,-0.76,30
default,0.7994799999999959,0.00240614195739137,1000,0.5,-0.76,30
augment,0.8047599999999957,0.0022768677007078135,1000,0.5,-0.76,30
average,0.786199999999996,0.00248058729201641,1000,0.5,-0.76,30
ensemble,0.8486799999999974,0.0015816318026516695,1000,0.5,-0.76,30
plurality,0.8799999999999959,1.2996583750995055e-16,1000,1.0,-0.76,30
default,0.7039199999999987,0.003009333761763501,1000,1.0,-0.76,30
augment,0.7564399999999977,0.0026178960597739126,1000,1.0,-0.76,30
average,0.7078399999999967,0.0029106367355281946,1000,1.0,-0.76,30
ensemble,0.767839999999998,0.0025723824660325266,1000,1.0,-0.76,30
plurality,0.8799999999999959,1.2996583750995055e-16,1000,1.5,-0.76,30
default,0.6193599999999995,0.0032020373894512013,1000,1.5,-0.76,30
augment,0.7155599999999982,0.0028520204102391003,1000,1.5,-0.76,30
average,0.6340799999999991,0.0030341654140405233,1000,1.5,-0.76,30
ensemble,0.6741199999999982,0.002974806729028804,1000,1.5,-0.76,30
plurality,0.8799999999999959,1.2996583750995055e-16,1000,2.0,-0.76,30
default,0.5815600000000001,0.0031705549701619845,1000,2.0,-0.76,30
augment,0.7064799999999989,0.0029576269469216644,1000,2.0,-0.76,30
average,0.60032,0.0032398756757620138,1000,2.0,-0.76,30
ensemble,0.6189599999999992,0.0031085336384509958,1000,2.0,-0.76,30
plurality,0.8400000000000056,1.7914210035155348e-16,1000,0.0,-0.68,30
default,1.0,0.0,1000,0.0,-0.68,30
augment,1.0,0.0,1000,0.0,-0.68,30
average,1.0,0.0,1000,0.0,-0.68,30
ensemble,1.0,0.0,1000,0.0,-0.68,30
plurality,0.8400000000000056,1.7914210035155348e-16,1000,0.2,-0.68,30
default,0.9246399999999975,0.0015030400957823874,1000,0.2,-0.68,30
augment,0.9480399999999995,0.0013895644243032813,1000,0.2,-0.68,30
average,0.9550000000000014,0.0012382783747337768,1000,0.2,-0.68,30
ensemble,0.9429599999999999,0.0013372459110525007,1000,0.2,-0.68,30
plurality,0.8400000000000056,1.7914210035155348e-16,1000,0.5,-0.68,30
default,0.7355599999999981,0.002581734252736277,1000,0.5,-0.68,30
augment,0.7537999999999991,0.00254716470767951,1000,0.5,-0.68,30
average,0.7318799999999981,0.0027304066951135044,1000,0.5,-0.68,30
ensemble,0.7897199999999976,0.0020636327629159667,1000,0.5,-0.68,30
plurality,0.8400000000000056,1.7914210035155348e-16,1000,1.0,-0.68,30
default,0.6463999999999982,0.0030342456470507906,1000,1.0,-0.68,30
augment,0.7003599999999989,0.002847873027503293,1000,1.0,-0.68,30
average,0.639759999999999,0.002982488497486214,1000,1.0,-0.68,30
ensemble,0.7058799999999991,0.0027361491392305743,1000,1.0,-0.68,30
plurality,0.8400000000000056,1.7914210035155348e-16,1000,1.5,-0.68,30
default,0.6003999999999992,0.0032304606290552216,1000,1.5,-0.68,30
augment,0.6805599999999983,0.002824121467299536,1000,1.5,-0.68,30
average,0.6056799999999999,0.003119466087116295,1000,1.5,-0.68,30
ensemble,0.6445999999999982,0.0030346085165715935,1000,1.5,-0.68,30
plurality,0.8400000000000056,1.7914210035155348e-16,1000,2.0,-0.68,30
default,0.5602399999999998,0.003181519206992848,1000,2.0,-0.68,30
augment,0.6683199999999997,0.0028771958320308834,1000,2.0,-0.68,30
average,0.5825599999999995,0.003117942906463803,1000,2.0,-0.68,30
ensemble,0.5943999999999984,0.003151280782566118,1000,2.0,-0.68,30
plurality,0.7999999999999887,3.5828420070310695e-16,1000,0.0,-0.6,30
default,1.0,0.0,1000,0.0,-0.6,30
augment,1.0,0.0,1000,0.0,-0.6,30
average,1.0,0.0,1000,0.0,-0.6,30
ensemble,1.0,0.0,1000,0.0,-0.6,30
plurality,0.7999999999999887,3.5828420070310695e-16,1000,0.2,-0.6,30
default,0.863359999999996,0.0018758009033554325,1000,0.2,-0.6,30
augment,0.8939599999999971,0.001759606380590445,1000,0.2,-0.6,30
average,0.9047999999999965,0.00166051718368625,1000,0.2,-0.6,30
ensemble,0.8925999999999965,0.001696855715527788,1000,0.2,-0.6,30
plurality,0.7999999999999887,3.5828420070310695e-16,1000,0.5,-0.6,30
default,0.6927999999999989,0.0028757659901372406,1000,0.5,-0.6,30
augment,0.7152399999999983,0.0027038959768181624,1000,0.5,-0.6,30
average,0.6967199999999983,0.002838679217470642,1000,0.5,-0.6,30
ensemble,0.7466399999999969,0.002236271743619567,1000,0.5,-0.6,30
plurality,0.7999999999999887,3.5828420070310695e-16,1000,1.0,-0.6,30
default,0.6131999999999999,0.0030815671428764944,1000,1.0,-0.6,30
augment,0.6626000000000009,0.0028824900257847855,1000,1.0,-0.6,30
average,0.6121199999999993,0.003032342444497444,1000,1.0,-0.6,30
ensemble,0.6622799999999981,0.0027607287485776726,1000,1.0,-0.6,30
plurality,0.7999999999999887,3.5828420070310695e-16,1000,1.5,-0.6,30
default,0.5782799999999991,0.003150200845242305,1000,1.5,-0.6,30
augment,0.6497999999999987,0.002959580902614273,1000,1.5,-0.6,30
average,0.5850799999999988,0.0030812477485083274,1000,1.5,-0.6,30
ensemble,0.6117600000000004,0.003239289334930641,1000,1.5,-0.6,30
plurality,0.7999999999999887,3.5828420070310695e-16,1000,2.0,-0.6,30
default,0.5504800000000011,0.003167238702876848,1000,2.0,-0.6,30
augment,0.6337599999999991,0.0029128589301830534,1000,2.0,-0.6,30
average,0.5600000000000002,0.0033816320668333235,1000,2.0,-0.6,30
ensemble,0.5749199999999994,0.0030577677386524195,1000,2.0,-0.6,30
plurality,0.7599999999999928,2.2831836319315643e-16,1000,0.0,-0.52,30
default,1.0,0.0,1000,0.0,-0.52,30
augment,1.0,0.0,1000,0.0,-0.52,30
average,1.0,0.0,1000,0.0,-0.52,30
ensemble,1.0,0.0,1000,0.0,-0.52,30
plurality,0.7599999999999928,2.2831836319315643e-16,1000,0.2,-0.52,30
default,0.8556399999999967,0.00204772644256589,1000,0.2,-0.52,30
augment,0.8884799999999968,0.0018370259291213826,1000,0.2,-0.52,30
average,0.9007999999999968,0.001776095299952818,1000,0.2,-0.52,30
ensemble,0.8877199999999973,0.0017958916523072442,1000,0.2,-0.52,30
plurality,0.7599999999999928,2.2831836319315643e-16,1000,0.5,-0.52,30
default,0.6583599999999991,0.0029272990075288646,1000,0.5,-0.52,30
augment,0.6865999999999983,0.0026815724548911167,1000,0.5,-0.52,30
average,0.6729599999999982,0.002838043849712841,1000,0.5,-0.52,30
ensemble,0.7060399999999994,0.0024406300569883663,1000,0.5,-0.52,30
plurality,0.7599999999999928,2.2831836319315643e-16,1000,1.0,-0.52,30
default,0.5882799999999999,0.003267739236799616,1000,1.0,-0.52,30
augment,0.6351999999999987,0.002829729203893442,1000,1.0,-0.52,30
average,0.5916799999999993,0.0030253479684707887,1000,1.0,-0.52,30
ensemble,0.6290799999999994,0.002918024754601735,1000,1.0,-0.52,30
plurality,0.7599999999999928,2.2831836319315643e-16,1000,1.5,-0.52,30
default,0.5602399999999997,0.003097343367457965,1000,1.5,-0.52,30
augment,0.6186399999999999,0.0029800387633436994,1000,1.5,-0.52,30
average,0.5675200000000001,0.0032251901419066004,1000,1.5,-0.52,30
ensemble,0.5851599999999995,0.0030355541485845568,1000,1.5,-0.52,30
plurality,0.7599999999999928,2.2831836319315643e-16,1000,2.0,-0.52,30
default,0.5388800000000006,0.0031509798911250235,1000,2.0,-0.52,30
augment,0.6094799999999998,0.0030585428367581142,1000,2.0,-0.52,30
average,0.5451200000000005,0.003080661629597789,1000,2.0,-0.52,30
ensemble,0.5531599999999998,0.0031824742799498873,1000,2.0,-0.52,30
